y,x,mass,size,ecc,signal,raw_mass,ep,frame,t,True_particle,vial
95.01,97.33,102,16130,0.531,10.07,102,0.1,0,0.0,False,0.0
365.31,185.97,130,16130,0.663,12.7,130,0.0,0,0.0,False,0.0
365.06,167.99,102,16130,0.766,12.7,102,0.0,0,0.0,False,0.0
361.72,79.73,754,16130,0.197,97.24,754,0.0,0,0.0,True,1.0
360.71,176.37,615,16130,0.416,69.21,615,0.0,0,0.0,True,2.0
360.08,206.94,957,16130,0.216,95.93,957,0.0,0,0.0,True,2.0
359.68,46.14,910,16130,0.192,111.26,910,0.0,0,0.0,True,1.0
358.26,157.97,972,16130,0.403,94.61,972,0.0,0,0.0,True,2.0
357.67,68.13,737,16130,0.326,82.35,737,0.0,0,0.0,True,1.0
356.83,184.5,774,16130,0.314,87.17,774,0.0,0,0.0,True,2.0
356.0,97.28,117,16130,0.545,11.39,117,0.1,0,0.0,False,0.0
355.42,57.06,814,16130,0.32,86.73,814,0.0,0,0.0,True,1.0
365.65,145.71,100,16130,0.27,13.14,100,0.0,0,0.0,False,0.0
328.0,97.38,135,16130,0.495,12.26,135,0.1,0,0.0,False,0.0
339.99,97.36,147,16130,0.499,14.45,147,0.0,0,0.0,False,0.0
109.01,97.1,105,16130,0.511,10.07,105,0.1,0,0.0,False,0.0
180.0,97.36,103,16130,0.49,9.2,103,0.0,0,0.0,False,0.0
231.01,97.3,133,16130,0.526,13.14,133,0.1,0,0.0,False,0.0
242.97,97.23,122,16130,0.5,11.39,122,0.0,0,0.0,False,0.0
170.95,97.29,109,16130,0.477,10.95,109,0.1,0,0.0,False,0.0
267.93,97.25,141,16130,0.458,12.26,141,0.0,0,0.0,False,0.0
277.94,97.54,135,16130,0.434,11.83,135,0.0,0,0.0,False,0.0
298.0,97.28,192,16130,0.483,17.08,192,0.0,0,0.0,False,0.0
318.96,97.63,169,16130,0.467,15.77,169,0.1,0,0.0,False,0.0
256.03,97.15,154,16130,0.489,14.45,154,0.0,0,0.0,False,0.0
360.78,176.43,596,16130,0.432,68.85,596,0.0,1,0.033,True,2.0
365.65,145.71,100,16130,0.265,13.18,100,0.0,1,0.033,False,0.0
365.92,76.82,113,16130,0.546,13.6,113,0.0,1,0.033,False,0.0
365.48,185.84,110,16130,0.522,9.78,110,0.0,1,0.033,False,0.0
365.03,168.01,103,16130,0.761,11.9,103,0.0,1,0.033,False,0.0
362.78,96.95,106,16130,0.327,11.9,106,0.0,1,0.033,False,0.0
362.25,84.1,693,16130,0.074,105.4,693,0.0,1,0.033,True,1.0
360.12,207.84,966,16130,0.219,102.0,966,0.0,1,0.033,True,2.0
356.93,184.72,722,16130,0.339,87.55,722,0.0,1,0.033,True,2.0
359.41,46.29,895,16130,0.154,107.95,895,0.0,1,0.033,True,1.0
358.49,157.97,919,16130,0.311,96.05,919,0.0,1,0.033,True,2.0
352.78,68.14,784,16130,0.402,77.78,784,0.0,1,0.033,True,1.0
340.16,97.38,136,16130,0.463,14.45,136,0.0,1,0.033,False,0.0
294.03,97.07,124,16130,0.476,11.9,124,0.1,1,0.033,False,0.0
61.98,100.04,107,16130,0.518,10.2,107,0.1,1,0.033,False,0.0
13.98,99.82,119,16130,0.501,11.05,119,0.0,1,0.033,False,0.0
359.87,199.44,798,16130,0.427,96.9,798,0.0,1,0.033,True,2.0
360.09,208.57,1005,16130,0.218,103.21,1005,0.0,2,0.067,True,2.0
364.12,220.75,113,16130,0.425,12.64,113,0.0,2,0.067,False,0.0
362.87,96.98,100,16130,0.325,11.8,100,0.0,2,0.067,False,0.0
362.35,81.25,617,16130,0.175,86.78,617,0.0,2,0.067,True,1.0
360.85,176.48,577,16130,0.453,68.25,577,0.0,2,0.067,True,2.0
360.97,44.74,701,16130,0.25,107.01,701,0.0,2,0.067,True,1.0
359.75,199.54,897,16130,0.398,100.27,897,0.0,2,0.067,True,2.0
356.93,184.75,646,16130,0.276,89.31,646,0.0,2,0.067,True,2.0
355.43,76.6,794,16130,0.299,78.36,794,0.0,2,0.067,True,1.0
339.99,97.37,147,16130,0.498,14.32,147,0.0,2,0.067,False,0.0
330.02,97.35,125,16130,0.523,11.8,125,0.1,2,0.067,False,0.0
294.03,97.08,125,16130,0.471,12.22,125,0.1,2,0.067,False,0.0
266.99,97.14,105,16130,0.455,9.27,105,0.0,2,0.067,False,0.0
358.86,157.44,928,16130,0.193,96.05,928,0.0,2,0.067,True,2.0
360.26,208.84,1015,16130,0.236,117.16,1015,0.0,3,0.1,True,2.0
363.09,79.59,622,16130,0.127,87.51,622,0.0,3,0.1,True,1.0
361.12,176.97,514,16130,0.221,67.9,514,0.0,3,0.1,True,2.0
360.76,44.98,842,16130,0.221,121.94,842,0.0,3,0.1,True,1.0
359.51,157.46,857,16130,0.287,98.03,857,0.0,3,0.1,True,2.0
357.06,184.73,630,16130,0.27,97.55,630,0.0,3,0.1,True,2.0
353.08,63.43,628,16130,0.125,66.47,628,0.0,3,0.1,True,1.0
351.86,100.1,273,16130,0.48,28.21,273,0.0,3,0.1,True,1.0
332.0,99.99,239,16130,0.53,22.48,239,0.0,3,0.1,False,0.0
359.41,199.88,1009,16130,0.377,101.38,1009,0.0,3,0.1,True,2.0
319.09,226.82,113,16130,0.53,11.95,113,0.0,3,0.1,False,0.0
328.99,226.48,120,16130,0.411,10.04,120,0.0,3,0.1,False,0.0
135.0,100.04,103,16130,0.511,9.56,103,0.1,3,0.1,False,0.0
270.02,100.11,124,16130,0.525,12.43,124,0.1,3,0.1,False,0.0
276.15,227.0,182,16130,0.462,17.69,182,0.0,3,0.1,False,0.0
255.08,226.87,119,16130,0.444,11.48,119,0.0,3,0.1,False,0.0
283.02,100.21,132,16130,0.536,12.91,132,0.1,3,0.1,False,0.0
294.02,226.96,150,16130,0.527,14.82,150,0.0,3,0.1,False,0.0
309.08,226.82,141,16130,0.507,14.35,141,0.0,3,0.1,False,0.0
310.98,100.02,197,16130,0.525,19.13,197,0.1,3,0.1,False,0.0
359.04,200.04,1020,16130,0.499,106.38,1020,0.0,4,0.133,True,2.0
360.7,46.02,1180,16130,0.25,109.15,1180,0.0,4,0.133,True,1.0
360.26,208.84,1016,16130,0.234,117.44,1016,0.0,4,0.133,True,2.0
359.81,157.2,921,16130,0.226,104.08,921,0.0,4,0.133,True,2.0
360.23,70.33,199,16130,0.095,35.92,199,0.1,4,0.133,True,1.0
360.8,176.52,596,16130,0.19,70.0,596,0.0,4,0.133,True,2.0
357.06,184.62,686,16130,0.304,100.86,686,0.0,4,0.133,True,2.0
269.96,100.12,121,16130,0.523,12.43,121,0.1,4,0.133,False,0.0
331.98,99.9,111,16130,0.524,10.59,111,0.1,4,0.133,False,0.0
310.94,99.9,120,16130,0.542,12.43,120,0.1,4,0.133,False,0.0
293.99,226.96,151,16130,0.521,14.74,151,0.0,4,0.133,False,0.0
258.02,100.1,120,16130,0.507,11.51,120,0.1,4,0.133,False,0.0
131.96,100.06,104,16130,0.489,9.67,104,0.1,4,0.133,False,0.0
61.97,100.04,106,16130,0.525,10.13,106,0.1,4,0.133,False,0.0
363.09,79.59,623,16130,0.127,87.5,623,0.0,4,0.133,True,1.0
346.98,100.03,125,16130,0.487,12.43,125,0.1,4,0.133,False,0.0
360.42,208.78,984,16130,0.123,117.9,984,0.0,5,0.167,True,2.0
360.46,175.59,651,16130,0.35,76.29,651,0.0,5,0.167,True,2.0
360.8,45.43,939,16130,0.248,88.31,939,0.0,5,0.167,True,1.0
359.85,157.09,905,16130,0.206,105.88,905,0.0,5,0.167,True,2.0
363.01,79.68,628,16130,0.136,90.16,628,0.0,5,0.167,True,1.0
359.01,200.56,954,16130,0.459,104.49,954,0.0,5,0.167,True,2.0
357.14,184.97,638,16130,0.225,96.17,638,0.0,5,0.167,True,2.0
346.97,100.03,125,16130,0.485,12.48,125,0.1,5,0.167,False,0.0
331.98,99.9,111,16130,0.527,10.63,111,0.1,5,0.167,False,0.0
359.97,70.38,196,16130,0.142,23.12,196,0.0,5,0.167,False,0.0
360.98,45.36,788,16130,0.276,98.98,788,0.0,6,0.2,True,1.0
360.32,208.74,961,16130,0.177,110.22,961,0.0,6,0.2,True,2.0
360.24,174.3,840,16130,0.478,92.07,840,0.0,6,0.2,True,2.0
362.93,79.77,637,16130,0.15,92.07,637,0.0,6,0.2,True,1.0
359.95,70.23,393,16130,0.38,49.28,393,0.0,6,0.2,True,1.0
359.04,200.76,972,16130,0.433,107.19,972,0.0,6,0.2,True,2.0
357.22,185.35,633,16130,0.157,91.2,633,0.0,6,0.2,True,2.0
359.89,156.97,891,16130,0.186,107.19,891,0.0,6,0.2,True,2.0
362.93,79.78,632,16130,0.148,91.79,632,0.0,7,0.233,True,1.0
360.6,44.34,596,16130,0.323,76.94,596,0.0,7,0.233,True,1.0
360.26,208.8,990,16130,0.198,114.73,990,0.0,7,0.233,True,2.0
360.23,173.03,919,16130,0.531,89.09,919,0.0,7,0.233,True,2.0
359.89,156.97,894,16130,0.188,107.98,894,0.0,7,0.233,True,2.0
359.15,70.68,817,16130,0.546,95.84,817,0.0,7,0.233,True,1.0
358.57,55.3,263,16130,0.27,38.69,263,0.0,7,0.233,True,1.0
357.23,185.35,636,16130,0.153,91.79,636,0.0,7,0.233,True,2.0
359.0,200.8,1019,16130,0.406,113.83,1019,0.0,7,0.233,True,2.0
360.22,209.29,940,16130,0.217,109.04,940,0.0,8,0.267,True,2.0
362.88,79.78,608,16130,0.19,88.86,608,0.0,8,0.267,True,1.0
360.73,44.49,589,16130,0.426,81.56,589,0.0,8,0.267,True,1.0
360.5,171.09,822,16130,0.444,80.27,822,0.0,8,0.267,True,2.0
357.22,185.49,683,16130,0.188,91.86,683,0.0,8,0.267,True,2.0
360.26,70.57,253,16130,0.234,38.21,253,0.1,8,0.267,True,1.0
358.9,201.31,966,16130,0.421,109.04,966,0.0,8,0.267,True,2.0
358.43,57.55,356,16130,0.274,54.09,356,0.0,8,0.267,True,1.0
359.89,156.97,895,16130,0.19,108.18,895,0.0,8,0.267,True,2.0
362.9,79.8,654,16130,0.121,89.33,654,0.0,9,0.3,True,1.0
360.84,170.0,866,16130,0.582,75.72,866,0.0,9,0.3,True,2.0
360.6,69.23,138,16130,0.237,16.32,138,0.1,9,0.3,False,0.0
359.98,157.05,888,16130,0.196,109.28,888,0.0,9,0.3,True,2.0
361.59,44.99,743,16130,0.199,90.69,743,0.0,9,0.3,True,1.0
357.22,185.52,662,16130,0.19,88.87,662,0.0,9,0.3,True,2.0
346.95,100.03,126,16130,0.488,12.7,126,0.1,9,0.3,False,0.0
332.99,99.91,111,16130,0.534,10.43,111,0.1,9,0.3,False,0.0
358.92,202.3,997,16130,0.384,115.62,997,0.0,9,0.3,True,2.0
360.02,69.29,345,16130,0.46,48.51,345,0.0,10,0.333,True,1.0
361.16,210.41,521,16130,0.246,59.88,521,0.0,10,0.333,True,2.0
361.07,169.21,890,16130,0.557,81.29,890,0.0,10,0.333,True,2.0
361.43,45.42,925,16130,0.361,106.21,925,0.0,10,0.333,True,1.0
360.07,157.14,890,16130,0.206,110.14,890,0.0,10,0.333,True,2.0
358.9,202.41,996,16130,0.414,111.45,996,0.0,10,0.333,True,2.0
362.93,79.82,710,16130,0.063,90.04,710,0.0,10,0.333,True,1.0
346.95,100.04,126,16130,0.488,12.67,126,0.1,10,0.333,False,0.0
332.99,99.91,112,16130,0.531,10.49,112,0.1,10,0.333,False,0.0
310.95,99.92,122,16130,0.539,12.67,122,0.1,10,0.333,False,0.0
269.97,100.12,120,16130,0.519,12.24,120,0.1,10,0.333,False,0.0
133.99,100.02,101,16130,0.514,9.18,101,0.0,10,0.333,False,0.0
61.04,100.04,105,16130,0.502,10.49,105,0.1,10,0.333,False,0.0
357.25,185.56,651,16130,0.141,88.29,651,0.0,10,0.333,True,2.0
362.45,82.89,736,16130,0.075,98.82,736,0.0,11,0.367,True,1.0
361.52,45.51,926,16130,0.364,99.25,926,0.0,11,0.367,True,1.0
360.07,211.25,391,16130,0.214,55.48,391,0.0,11,0.367,True,2.0
361.32,168.3,835,16130,0.478,81.05,835,0.0,11,0.367,True,2.0
358.61,202.9,1038,16130,0.341,107.49,1038,0.0,11,0.367,True,2.0
359.26,69.91,807,16130,0.374,95.35,807,0.0,11,0.367,True,1.0
357.39,186.08,611,16130,0.09,86.68,611,0.0,11,0.367,True,2.0
360.07,157.14,890,16130,0.207,110.52,890,0.0,11,0.367,True,2.0
333.93,99.92,106,16130,0.514,10.4,106,0.1,12,0.4,False,0.0
357.48,186.5,632,16130,0.226,82.35,632,0.0,12,0.4,True,2.0
358.51,203.18,996,16130,0.291,104.45,996,0.0,12,0.4,True,2.0
358.96,67.43,533,16130,0.336,82.35,533,0.0,12,0.4,True,1.0
360.07,157.14,888,16130,0.207,110.52,888,0.0,12,0.4,True,2.0
359.98,211.74,355,16130,0.119,50.28,355,0.0,12,0.4,True,2.0
361.2,168.99,845,16130,0.516,83.65,845,0.0,12,0.4,True,2.0
362.56,45.35,644,16130,0.325,66.75,644,0.0,12,0.4,True,1.0
362.61,82.82,688,16130,0.048,94.48,688,0.0,12,0.4,True,1.0
362.71,81.29,563,16130,0.186,83.68,563,0.0,13,0.433,True,1.0
362.08,46.01,802,16130,0.432,85.86,802,0.0,13,0.433,True,1.0
360.02,211.83,309,16130,0.143,46.2,309,0.0,13,0.433,True,2.0
361.29,169.85,724,16130,0.428,78.45,724,0.0,13,0.433,True,2.0
358.6,61.43,185,16130,0.321,30.51,185,0.0,13,0.433,True,1.0
358.48,203.13,982,16130,0.282,104.16,982,0.0,13,0.433,True,2.0
357.44,186.4,656,16130,0.151,84.99,656,0.0,13,0.433,True,2.0
360.08,157.11,898,16130,0.206,111.13,898,0.0,13,0.433,True,2.0
357.35,186.34,677,16130,0.134,89.85,677,0.0,14,0.467,True,2.0
358.44,203.09,971,16130,0.275,106.5,971,0.0,14,0.467,True,2.0
360.1,157.09,912,16130,0.207,111.76,912,0.0,14,0.467,True,2.0
360.09,211.96,277,16130,0.14,42.08,277,0.0,14,0.467,True,2.0
361.27,170.32,603,16130,0.315,80.64,603,0.0,14,0.467,True,2.0
361.94,45.71,826,16130,0.389,98.18,826,0.0,14,0.467,True,1.0
362.85,79.58,553,16130,0.156,79.33,553,0.0,14,0.467,True,1.0
362.97,79.69,515,16130,0.22,83.06,515,0.0,15,0.5,True,1.0
361.99,44.85,715,16130,0.239,76.33,715,0.0,15,0.5,True,1.0
361.24,170.98,523,16130,0.308,70.49,523,0.0,15,0.5,True,2.0
360.34,211.8,246,16130,0.2,35.92,246,0.0,15,0.5,True,2.0
359.12,53.51,161,16130,0.406,26.49,161,0.1,15,0.5,False,0.0
358.5,202.84,927,16130,0.141,114.49,927,0.0,15,0.5,True,2.0
357.19,186.36,728,16130,0.099,94.73,728,0.0,15,0.5,True,2.0
360.13,157.11,916,16130,0.211,111.8,916,0.0,15,0.5,True,2.0
363.15,79.22,612,16130,0.304,77.57,612,0.0,16,0.533,True,1.0
362.4,44.35,564,16130,0.268,69.21,564,0.0,16,0.533,True,1.0
361.53,172.14,401,16130,0.167,53.42,401,0.0,16,0.533,True,2.0
360.35,211.8,245,16130,0.2,36.23,245,0.0,16,0.533,True,2.0
360.16,157.13,920,16130,0.215,112.41,920,0.0,16,0.533,True,2.0
358.66,56.51,258,16130,0.647,30.19,258,0.0,16,0.533,True,1.0
357.19,186.59,732,16130,0.157,97.08,732,0.0,16,0.533,True,2.0
333.96,99.92,105,16130,0.517,10.22,105,0.1,16,0.533,False,0.0
358.63,203.04,948,16130,0.078,117.98,948,0.0,16,0.533,True,2.0
361.24,173.56,438,16130,0.349,54.88,438,0.0,17,0.567,True,2.0
362.7,80.0,693,16130,0.165,88.83,693,0.0,17,0.567,True,1.0
362.58,44.36,553,16130,0.247,66.04,553,0.0,17,0.567,True,1.0
360.34,211.81,246,16130,0.204,36.27,246,0.0,17,0.567,True,2.0
333.03,99.92,104,16130,0.508,10.23,104,0.1,17,0.567,False,0.0
358.64,203.04,951,16130,0.077,118.59,951,0.0,17,0.567,True,2.0
356.95,186.57,765,16130,0.11,97.66,765,0.0,17,0.567,True,2.0
360.16,157.13,919,16130,0.214,112.08,919,0.0,17,0.567,True,2.0
358.07,61.87,563,16130,0.289,87.9,563,0.0,17,0.567,True,1.0
362.58,44.36,554,16130,0.248,65.9,554,0.0,18,0.6,True,1.0
333.92,99.93,104,16130,0.509,10.21,104,0.1,18,0.6,False,0.0
356.73,186.31,821,16130,0.06,101.17,821,0.0,18,0.6,True,2.0
358.97,64.05,128,16130,0.497,20.88,128,0.0,18,0.6,False,0.0
358.61,203.02,939,16130,0.071,118.34,939,0.0,18,0.6,True,2.0
360.16,157.13,919,16130,0.214,112.3,919,0.0,18,0.6,True,2.0
360.37,211.26,294,16130,0.149,40.84,294,0.0,18,0.6,True,2.0
361.3,174.59,408,16130,0.406,49.65,408,0.0,18,0.6,True,2.0
362.51,80.74,765,16130,0.168,87.71,765,0.0,18,0.6,True,1.0
362.58,44.36,553,16130,0.248,65.95,553,0.0,19,0.633,True,1.0
361.53,176.23,471,16130,0.324,47.84,471,0.0,19,0.633,True,2.0
360.41,211.12,339,16130,0.188,47.84,339,0.0,19,0.633,True,2.0
356.48,186.56,873,16130,0.087,100.79,873,0.0,19,0.633,True,2.0
358.6,203.02,934,16130,0.074,117.97,934,0.0,19,0.633,True,2.0
362.99,80.87,604,16130,0.181,91.96,604,0.0,19,0.633,True,1.0
360.16,157.13,920,16130,0.215,112.4,920,0.0,19,0.633,True,2.0
361.77,177.0,447,16130,0.47,43.07,447,0.0,20,0.667,True,2.0
362.58,44.35,557,16130,0.243,65.77,557,0.0,20,0.667,True,1.0
363.05,80.61,521,16130,0.228,79.66,521,0.0,20,0.667,True,1.0
360.44,211.01,384,16130,0.215,54.65,384,0.0,20,0.667,True,2.0
360.16,157.13,920,16130,0.215,112.09,920,0.0,20,0.667,True,2.0
358.59,203.0,931,16130,0.067,118.11,931,0.0,20,0.667,True,2.0
356.48,186.82,867,16130,0.042,108.38,867,0.0,20,0.667,True,2.0
333.03,99.92,103,16130,0.508,10.19,103,0.1,20,0.667,False,0.0
356.37,186.45,904,16130,0.176,107.49,904,0.0,21,0.7,True,2.0
358.45,203.04,934,16130,0.054,118.14,934,0.0,21,0.7,True,2.0
360.06,156.93,902,16130,0.221,108.41,902,0.0,21,0.7,True,2.0
362.73,44.4,580,16130,0.174,64.4,580,0.0,21,0.7,True,1.0
361.94,177.86,482,16130,0.571,45.87,482,0.0,21,0.7,True,2.0
362.98,80.58,571,16130,0.237,82.93,571,0.0,21,0.7,True,1.0
362.08,179.26,379,16130,0.605,36.56,379,0.0,22,0.733,True,2.0
362.05,80.39,823,16130,0.326,88.4,823,0.0,22,0.733,True,1.0
362.78,44.38,575,16130,0.197,62.94,575,0.0,22,0.733,True,1.0
360.06,156.93,902,16130,0.221,108.3,902,0.0,22,0.733,True,2.0
358.45,203.04,934,16130,0.055,118.02,934,0.0,22,0.733,True,2.0
356.3,185.81,925,16130,0.251,103.21,925,0.0,22,0.733,True,2.0
355.99,185.58,909,16130,0.312,101.9,909,0.0,23,0.767,True,2.0
358.44,203.04,934,16130,0.056,118.12,934,0.0,23,0.767,True,2.0
360.06,156.93,902,16130,0.221,108.39,902,0.0,23,0.767,True,2.0
362.78,44.39,575,16130,0.198,63.0,575,0.0,23,0.767,True,1.0
361.8,61.66,129,16130,0.597,12.51,129,0.0,23,0.767,False,0.0
362.96,80.94,558,16130,0.264,82.45,558,0.0,23,0.767,True,1.0
361.8,61.67,129,16130,0.604,12.51,129,0.0,24,0.8,False,0.0
363.08,79.65,515,16130,0.235,79.96,515,0.0,24,0.8,True,1.0
362.78,44.38,578,16130,0.197,62.98,578,0.0,24,0.8,True,1.0
358.19,203.17,872,16130,0.093,113.9,872,0.0,24,0.8,True,2.0
360.16,156.9,889,16130,0.206,108.99,889,0.0,24,0.8,True,2.0
355.64,185.24,947,16130,0.255,102.29,947,0.0,24,0.8,True,2.0
304.89,207.88,571,16130,0.304,58.78,571,0.0,25,0.833,True,2.0
355.42,185.02,984,16130,0.258,111.03,984,0.0,25,0.833,True,2.0
359.92,156.33,855,16130,0.097,107.11,855,0.0,25,0.833,True,2.0
360.43,210.56,497,16130,0.158,65.75,497,0.0,25,0.833,True,2.0
361.82,61.7,124,16130,0.567,11.76,124,0.0,25,0.833,False,0.0
362.8,44.38,571,16130,0.204,62.7,571,0.0,25,0.833,True,1.0
362.9,79.99,502,16130,0.194,81.42,502,0.0,25,0.833,True,1.0
360.43,210.56,497,16130,0.159,65.73,497,0.0,26,0.867,True,2.0
362.72,80.27,531,16130,0.175,82.27,531,0.0,26,0.867,True,1.0
362.81,44.37,564,16130,0.209,62.68,564,0.0,26,0.867,True,1.0
359.92,156.33,855,16130,0.097,107.08,855,0.0,26,0.867,True,2.0
355.42,185.02,984,16130,0.257,111.0,984,0.0,26,0.867,True,2.0
266.86,219.18,638,16130,0.272,60.5,638,0.0,26,0.867,True,2.0
283.04,212.03,660,16130,0.348,66.18,660,0.0,27,0.9,True,2.0
355.41,185.05,959,16130,0.266,111.76,959,0.0,27,0.9,True,2.0
359.92,156.34,855,16130,0.097,106.94,855,0.0,27,0.9,True,2.0
360.43,210.56,497,16130,0.159,65.74,497,0.0,27,0.9,True,2.0
362.45,81.87,801,16130,0.236,93.35,801,0.0,27,0.9,True,1.0
362.84,44.37,558,16130,0.216,63.11,558,0.0,27,0.9,True,1.0
362.86,44.36,556,16130,0.227,63.48,556,0.0,28,0.933,True,1.0
361.98,180.29,369,16130,0.433,37.91,369,0.0,28,0.933,True,2.0
362.84,80.62,759,16130,0.461,87.73,759,0.0,28,0.933,True,1.0
360.43,210.56,497,16130,0.159,65.69,497,0.0,28,0.933,True,2.0
355.38,185.02,966,16130,0.279,112.42,966,0.0,28,0.933,True,2.0
335.89,204.68,574,16130,0.22,58.19,574,0.0,28,0.933,True,2.0
359.92,156.34,856,16130,0.097,107.13,856,0.0,28,0.933,True,2.0
355.88,185.08,1120,16130,0.217,90.07,1120,0.0,29,0.967,True,2.0
360.14,156.56,826,16130,0.103,100.3,826,0.0,29,0.967,True,2.0
360.43,210.56,498,16130,0.159,65.68,498,0.0,29,0.967,True,2.0
362.55,81.19,762,16130,0.234,87.71,762,0.0,29,0.967,True,1.0
362.86,44.37,556,16130,0.225,63.32,556,0.0,29,0.967,True,1.0
362.86,44.37,553,16130,0.227,63.11,553,0.0,30,1.0,True,1.0
360.41,210.7,451,16130,0.21,62.23,451,0.0,30,1.0,True,2.0
362.89,79.97,747,16130,0.465,82.83,747,0.0,30,1.0,True,1.0
355.88,185.07,906,16130,0.116,95.1,906,0.0,30,1.0,True,2.0
360.34,156.82,822,16130,0.135,111.31,822,0.0,30,1.0,True,2.0
356.14,185.02,970,16130,0.161,100.36,970,0.0,31,1.033,True,2.0
360.35,156.82,822,16130,0.136,111.31,822,0.0,31,1.033,True,2.0
360.38,210.9,407,16130,0.205,57.41,407,0.0,31,1.033,True,2.0
361.7,82.08,696,16130,0.25,93.35,696,0.0,31,1.033,True,1.0
362.86,44.37,553,16130,0.227,63.11,553,0.0,31,1.033,True,1.0
356.24,185.06,1011,16130,0.144,106.06,1011,0.0,32,1.067,True,2.0
360.35,156.82,822,16130,0.135,111.31,822,0.0,32,1.067,True,2.0
360.32,211.14,380,16130,0.17,52.15,380,0.0,32,1.067,True,2.0
362.16,80.46,565,16130,0.236,79.32,565,0.0,32,1.067,True,1.0
362.86,44.37,553,16130,0.227,63.11,553,0.0,32,1.067,True,1.0
362.86,44.37,552,16130,0.228,63.35,552,0.0,33,1.1,True,1.0
360.48,80.77,828,16130,0.399,85.64,828,0.0,33,1.1,True,1.0
356.28,185.06,1017,16130,0.134,106.61,1017,0.0,33,1.1,True,2.0
360.33,156.84,828,16130,0.14,111.42,828,0.0,33,1.1,True,2.0
360.38,211.55,309,16130,0.155,41.51,309,0.0,33,1.1,True,2.0
356.32,185.05,1023,16130,0.123,106.4,1023,0.0,34,1.133,True,2.0
360.31,156.85,834,16130,0.143,111.2,834,0.0,34,1.133,True,2.0
360.38,211.55,310,16130,0.157,41.43,310,0.0,34,1.133,True,2.0
361.81,82.95,962,16130,0.477,95.5,962,0.0,34,1.133,True,1.0
362.86,44.41,542,16130,0.214,63.23,542,0.0,34,1.133,True,1.0
363.08,44.24,450,16130,0.275,57.56,450,0.0,35,1.167,True,1.0
362.43,82.9,894,16130,0.427,81.11,894,0.0,35,1.167,True,1.0
360.38,211.55,310,16130,0.157,41.86,310,0.0,35,1.167,True,2.0
356.79,178.95,1097,16130,0.17,98.99,1097,0.0,35,1.167,True,2.0
360.3,156.85,834,16130,0.142,111.2,834,0.0,35,1.167,True,2.0
356.31,185.08,1011,16130,0.11,106.42,1011,0.0,36,1.2,True,2.0
360.26,156.89,851,16130,0.152,110.76,851,0.0,36,1.2,True,2.0
360.38,211.55,310,16130,0.158,41.7,310,0.0,36,1.2,True,2.0
361.21,74.82,401,16130,0.402,56.47,401,0.0,36,1.2,True,1.0
362.24,83.4,831,16130,0.452,89.91,831,0.0,36,1.2,True,1.0
363.32,43.95,386,16130,0.29,52.12,386,0.0,36,1.2,True,1.0
363.26,43.86,346,16130,0.323,45.08,346,0.0,37,1.233,True,1.0
361.12,74.59,322,16130,0.414,48.06,322,0.0,37,1.233,True,1.0
362.27,82.8,860,16130,0.392,92.29,860,0.0,37,1.233,True,1.0
360.13,156.78,858,16130,0.13,108.45,858,0.0,37,1.233,True,2.0
352.87,178.66,1070,16130,0.315,97.82,1070,0.0,37,1.233,True,2.0
360.34,211.66,282,16130,0.192,37.85,282,0.0,37,1.233,True,2.0
351.18,178.12,1092,16130,0.373,96.54,1092,0.0,38,1.267,True,2.0
356.18,184.92,970,16130,0.147,103.77,970,0.0,38,1.267,True,2.0
360.39,70.72,204,16130,0.432,32.32,204,0.0,38,1.267,True,1.0
360.13,156.78,857,16130,0.13,108.45,857,0.0,38,1.267,True,2.0
360.34,211.66,282,16130,0.192,37.85,282,0.0,38,1.267,True,2.0
362.05,83.92,788,16130,0.335,104.62,788,0.0,38,1.267,True,1.0
363.18,43.8,298,16130,0.34,37.43,298,0.0,38,1.267,True,1.0
362.01,83.96,704,16130,0.142,97.55,704,0.0,39,1.3,True,1.0
360.33,211.67,283,16130,0.192,37.94,283,0.0,39,1.3,True,2.0
360.01,156.7,883,16130,0.12,106.3,883,0.0,39,1.3,True,2.0
356.08,184.8,970,16130,0.183,102.13,970,0.0,39,1.3,True,2.0
350.7,177.97,1074,16130,0.352,102.55,1074,0.0,39,1.3,True,2.0
360.39,70.54,214,16130,0.324,34.6,214,0.0,39,1.3,True,1.0
349.65,177.56,1038,16130,0.27,94.63,1038,0.0,40,1.333,True,2.0
355.98,184.72,975,16130,0.205,101.3,975,0.0,40,1.333,True,2.0
360.38,70.58,226,16130,0.306,35.85,226,0.0,40,1.333,True,1.0
360.01,156.7,883,16130,0.12,106.3,883,0.0,40,1.333,True,2.0
360.33,211.67,283,16130,0.192,37.94,283,0.0,40,1.333,True,2.0
362.0,82.57,749,16130,0.246,98.8,749,0.0,40,1.333,True,1.0
362.36,83.48,650,16130,0.234,83.83,650,0.0,41,1.367,True,1.0
360.1,156.72,861,16130,0.135,107.42,861,0.0,41,1.367,True,2.0
360.33,211.67,284,16130,0.191,37.91,284,0.0,41,1.367,True,2.0
356.03,184.7,977,16130,0.23,99.42,977,0.0,41,1.367,True,2.0
360.22,70.52,277,16130,0.374,41.71,277,0.0,41,1.367,True,1.0
347.25,177.29,1078,16130,0.354,94.79,1078,0.0,41,1.367,True,2.0
346.82,177.72,1087,16130,0.339,100.38,1087,0.0,42,1.4,True,2.0
356.04,184.89,1029,16130,0.306,96.55,1029,0.0,42,1.4,True,2.0
360.21,70.32,320,16130,0.408,47.21,320,0.0,42,1.4,True,1.0
360.18,156.76,844,16130,0.161,108.46,844,0.0,42,1.4,True,2.0
360.44,211.08,351,16130,0.178,48.49,351,0.0,42,1.4,True,2.0
361.86,83.42,653,16130,0.159,89.75,653,0.0,42,1.4,True,1.0
360.2,156.82,848,16130,0.164,110.32,848,0.0,43,1.433,True,2.0
361.7,84.25,807,16130,0.318,93.88,807,0.0,43,1.433,True,1.0
360.48,210.89,376,16130,0.22,53.65,376,0.0,43,1.433,True,2.0
360.1,70.18,411,16130,0.412,64.03,411,0.0,43,1.433,True,1.0
356.03,185.04,1044,16130,0.318,94.75,1044,0.0,43,1.433,True,2.0
344.83,177.59,1099,16130,0.314,95.18,1099,0.0,43,1.433,True,2.0
343.09,177.0,1125,16130,0.37,102.32,1125,0.0,44,1.467,True,2.0
356.02,185.18,1075,16130,0.321,97.47,1075,0.0,44,1.467,True,2.0
360.12,70.18,414,16130,0.4,64.39,414,0.0,44,1.467,True,1.0
360.21,156.88,858,16130,0.164,112.46,858,0.0,44,1.467,True,2.0
360.5,210.73,417,16130,0.246,58.66,417,0.0,44,1.467,True,2.0
361.6,85.22,770,16130,0.187,98.35,770,0.0,44,1.467,True,1.0
360.47,210.7,450,16130,0.229,62.13,450,0.0,45,1.5,True,2.0
360.98,86.39,636,16130,0.228,79.75,636,0.0,45,1.5,True,1.0
360.23,156.87,852,16130,0.158,111.92,852,0.0,45,1.5,True,2.0
355.87,185.57,1005,16130,0.202,98.26,1005,0.0,45,1.5,True,2.0
341.92,177.01,1092,16130,0.364,100.46,1092,0.0,45,1.5,True,2.0
360.11,70.18,407,16130,0.419,63.45,407,0.0,45,1.5,True,1.0
340.98,176.81,1075,16130,0.351,99.55,1075,0.0,46,1.533,True,2.0
355.52,185.83,936,16130,0.23,100.43,936,0.0,46,1.533,True,2.0
360.12,70.14,405,16130,0.391,65.19,405,0.0,46,1.533,True,1.0
360.25,156.86,849,16130,0.155,112.32,849,0.0,46,1.533,True,2.0
360.44,210.67,485,16130,0.215,65.63,485,0.0,46,1.533,True,2.0
362.06,84.09,665,16130,0.092,102.63,665,0.0,46,1.533,True,1.0
363.76,186.13,140,16130,0.464,18.5,140,0.0,46,1.533,False,0.0
363.82,186.24,143,16130,0.493,19.38,143,0.0,47,1.567,False,0.0
362.04,85.4,609,16130,0.211,89.39,609,0.0,47,1.567,True,1.0
360.43,210.67,486,16130,0.216,65.61,486,0.0,47,1.567,True,2.0
360.25,70.64,305,16130,0.299,51.96,305,0.0,47,1.567,True,1.0
355.57,185.97,954,16130,0.212,97.76,954,0.0,47,1.567,True,2.0
340.09,175.79,984,16130,0.328,94.67,984,0.0,47,1.567,True,2.0
360.26,156.84,844,16130,0.15,112.29,844,0.0,47,1.567,True,2.0
339.66,174.95,964,16130,0.384,90.31,964,0.0,48,1.6,True,2.0
355.9,185.94,1046,16130,0.331,99.13,1046,0.0,48,1.6,True,2.0
360.27,70.61,305,16130,0.292,51.99,305,0.0,48,1.6,True,1.0
360.28,156.84,841,16130,0.147,112.34,841,0.0,48,1.6,True,2.0
360.44,210.67,485,16130,0.215,65.64,485,0.0,48,1.6,True,2.0
362.06,84.69,684,16130,0.2,103.53,684,0.0,48,1.6,True,1.0
360.44,210.67,485,16130,0.216,65.86,485,0.0,49,1.633,True,2.0
361.93,82.68,858,16130,0.149,99.9,858,0.0,49,1.633,True,1.0
360.34,70.59,279,16130,0.265,46.85,279,0.0,49,1.633,True,1.0
360.31,156.82,836,16130,0.144,112.72,836,0.0,49,1.633,True,2.0
338.97,173.29,967,16130,0.438,90.61,967,0.0,49,1.633,True,2.0
338.15,188.9,533,16130,0.352,53.48,533,0.0,49,1.633,True,2.0
357.57,183.87,584,16130,0.388,70.28,584,0.0,49,1.633,True,2.0
361.42,83.04,910,16130,0.132,109.62,910,0.0,50,1.667,True,1.0
278.3,191.95,517,16130,0.335,51.27,517,0.0,50,1.667,True,2.0
339.02,172.93,973,16130,0.458,97.69,973,0.0,50,1.667,True,2.0
357.56,183.87,585,16130,0.385,69.84,585,0.0,50,1.667,True,2.0
360.41,70.61,249,16130,0.256,40.67,249,0.0,50,1.667,True,1.0
360.31,156.82,836,16130,0.144,112.72,836,0.0,50,1.667,True,2.0
360.45,211.13,298,16130,0.162,41.99,298,0.0,50,1.667,True,2.0
361.96,84.57,733,16130,0.194,100.94,733,0.0,51,1.7,True,1.0
360.45,211.46,282,16130,0.212,36.74,282,0.0,51,1.7,True,2.0
360.32,156.81,835,16130,0.142,112.89,835,0.0,51,1.7,True,2.0
360.42,70.61,246,16130,0.252,40.29,246,0.0,51,1.7,True,1.0
338.91,171.97,950,16130,0.472,95.63,950,0.0,51,1.7,True,2.0
219.88,183.02,515,16130,0.314,54.9,515,0.0,51,1.7,True,2.0
357.58,183.86,582,16130,0.403,69.95,582,0.0,51,1.7,True,2.0
360.33,156.81,835,16130,0.142,113.36,835,0.0,52,1.733,True,2.0
360.45,211.46,282,16130,0.211,36.9,282,0.0,52,1.733,True,2.0
360.41,70.6,245,16130,0.258,40.45,245,0.0,52,1.733,True,1.0
362.19,84.71,694,16130,0.071,97.8,694,0.0,52,1.733,True,1.0
338.17,170.38,919,16130,0.51,89.8,919,0.0,52,1.733,True,2.0
174.4,170.76,708,16130,0.231,80.91,708,0.0,52,1.733,True,2.0
357.58,183.85,579,16130,0.419,69.35,579,0.0,52,1.733,True,2.0
362.17,84.48,682,16130,0.16,91.28,682,0.0,53,1.767,True,1.0
360.44,211.51,276,16130,0.209,36.96,276,0.0,53,1.767,True,2.0
360.33,156.83,840,16130,0.146,113.54,840,0.0,53,1.767,True,2.0
338.07,169.95,957,16130,0.525,96.62,957,0.0,53,1.767,True,2.0
357.6,183.85,578,16130,0.422,69.46,578,0.0,53,1.767,True,2.0
151.98,188.74,689,16130,0.29,64.12,689,0.0,53,1.767,True,2.0
360.37,70.57,251,16130,0.279,41.41,251,0.0,53,1.767,True,1.0
361.71,83.65,927,16130,0.108,101.83,927,0.0,54,1.8,True,1.0
360.31,156.84,844,16130,0.151,113.89,844,0.0,54,1.8,True,2.0
360.29,70.58,256,16130,0.343,41.54,256,0.0,54,1.8,True,1.0
360.43,211.55,271,16130,0.207,37.07,271,0.0,54,1.8,True,2.0
357.6,183.85,579,16130,0.421,69.23,579,0.0,54,1.8,True,2.0
338.17,169.29,920,16130,0.487,95.58,920,0.0,54,1.8,True,2.0
132.22,193.93,861,16130,0.192,96.02,861,0.0,54,1.8,True,2.0
360.44,38.9,263,16130,0.354,29.03,263,3.2,54,1.8,True,1.0
360.41,211.61,268,16130,0.205,37.07,268,0.0,55,1.833,True,2.0
141.57,173.63,412,16130,0.153,30.37,412,0.0,55,1.833,True,2.0
338.46,168.92,983,16130,0.418,90.66,983,0.0,55,1.833,True,2.0
357.58,183.57,515,16130,0.373,65.65,515,0.0,55,1.833,True,2.0
360.45,38.92,263,16130,0.373,29.03,263,0.2,55,1.833,True,1.0
360.26,70.47,266,16130,0.359,42.88,266,0.0,55,1.833,True,1.0
360.31,156.84,844,16130,0.15,113.89,844,0.0,55,1.833,True,2.0
362.76,81.73,567,16130,0.184,87.09,567,0.0,55,1.833,True,1.0
339.03,168.09,941,16130,0.488,96.63,941,0.0,56,1.867,True,2.0
360.41,211.66,265,16130,0.197,37.31,265,0.0,56,1.867,True,2.0
362.77,82.13,671,16130,0.238,96.18,671,0.0,56,1.867,True,1.0
360.28,156.87,860,16130,0.16,114.61,860,0.0,56,1.867,True,2.0
151.99,178.5,716,16130,0.104,62.92,716,0.0,56,1.867,True,2.0
360.44,38.94,265,16130,0.392,28.77,265,0.1,56,1.867,True,1.0
357.35,183.06,577,16130,0.306,82.7,577,0.0,56,1.867,True,2.0
360.21,70.43,272,16130,0.399,43.6,272,0.0,56,1.867,True,1.0
146.77,189.08,882,16130,0.445,76.86,882,0.0,57,1.9,True,2.0
339.83,167.07,960,16130,0.439,101.13,960,0.0,57,1.9,True,2.0
357.21,182.91,626,16130,0.289,93.94,626,0.0,57,1.9,True,2.0
360.46,38.92,265,16130,0.405,26.97,265,0.0,57,1.9,False,0.0
360.2,70.4,264,16130,0.406,42.7,264,0.0,57,1.9,True,1.0
360.28,156.87,860,16130,0.16,114.61,860,0.0,57,1.9,True,2.0
360.41,211.67,262,16130,0.201,36.86,262,0.0,57,1.9,True,2.0
362.6,82.28,709,16130,0.227,90.34,709,0.0,57,1.9,True,1.0
362.55,82.76,711,16130,0.195,88.09,711,0.0,58,1.933,True,1.0
360.43,211.67,260,16130,0.209,36.41,260,0.0,58,1.933,True,2.0
360.28,156.87,860,16130,0.16,114.61,860,0.0,58,1.933,True,2.0
360.19,70.42,261,16130,0.422,42.25,261,0.0,58,1.933,True,1.0
137.38,168.39,666,16130,0.478,69.22,666,0.0,58,1.933,True,2.0
357.07,182.82,705,16130,0.253,104.72,705,0.0,58,1.933,True,2.0
340.03,166.75,939,16130,0.462,94.84,939,0.0,58,1.933,True,2.0
360.45,38.91,257,16130,0.401,27.42,257,0.0,58,1.933,False,0.0
362.85,82.74,813,16130,0.345,99.33,813,0.0,59,1.967,True,1.0
360.43,211.67,259,16130,0.209,35.96,259,0.0,59,1.967,True,2.0
360.28,156.87,860,16130,0.16,114.61,860,0.0,59,1.967,True,2.0
360.2,70.46,267,16130,0.417,42.7,267,0.0,59,1.967,True,1.0
357.01,182.61,719,16130,0.24,102.03,719,0.0,59,1.967,True,2.0
340.57,165.97,947,16130,0.38,93.94,947,0.0,59,1.967,True,2.0
138.8,160.76,795,16130,0.337,80.0,795,0.0,59,1.967,True,2.0
360.44,38.91,257,16130,0.407,26.97,257,0.0,59,1.967,False,0.0
362.71,82.01,728,16130,0.167,97.98,728,0.0,60,2.0,True,1.0
360.28,156.87,860,16130,0.16,114.61,860,0.0,60,2.0,True,2.0
360.21,70.49,273,16130,0.412,42.7,273,0.0,60,2.0,True,1.0
360.43,211.67,259,16130,0.209,35.96,259,0.0,60,2.0,True,2.0
356.94,182.44,761,16130,0.234,104.27,761,0.0,60,2.0,True,2.0
340.97,165.68,926,16130,0.431,95.73,926,0.0,60,2.0,True,2.0
149.01,156.05,877,16130,0.296,88.54,877,0.0,60,2.0,True,2.0
360.43,38.85,251,16130,0.412,26.52,251,0.0,60,2.0,False,0.0
360.43,211.67,259,16130,0.21,36.23,259,0.0,61,2.033,True,2.0
149.1,155.87,932,16130,0.355,90.12,932,0.0,61,2.033,True,2.0
341.31,165.18,936,16130,0.392,94.1,936,0.0,61,2.033,True,2.0
356.84,182.16,799,16130,0.17,110.89,799,0.0,61,2.033,True,2.0
360.37,38.29,264,16130,0.529,30.92,264,0.0,61,2.033,True,1.0
360.21,70.51,256,16130,0.423,39.76,256,0.0,61,2.033,True,1.0
360.18,157.0,868,16130,0.16,112.65,868,0.0,61,2.033,True,2.0
362.84,80.77,558,16130,0.196,79.52,558,0.0,61,2.033,True,1.0
360.42,211.66,260,16130,0.209,36.18,260,0.0,62,2.067,True,2.0
363.08,79.72,601,16130,0.109,85.81,601,0.0,62,2.067,True,1.0
360.08,157.11,878,16130,0.16,110.39,878,0.0,62,2.067,True,2.0
360.2,70.51,241,16130,0.432,36.64,241,0.0,62,2.067,True,1.0
360.35,38.12,298,16130,0.539,35.25,298,0.0,62,2.067,True,1.0
356.71,181.89,871,16130,0.09,118.27,871,0.0,62,2.067,True,2.0
341.65,164.57,885,16130,0.441,93.69,885,0.0,62,2.067,True,2.0
148.34,155.72,882,16130,0.316,88.12,882,0.0,62,2.067,True,2.0
360.43,211.67,259,16130,0.207,36.07,259,0.0,63,2.1,True,2.0
359.9,157.16,851,16130,0.14,103.36,851,0.0,63,2.1,True,2.0
360.2,70.51,241,16130,0.435,36.51,241,0.0,63,2.1,True,1.0
363.08,79.72,602,16130,0.111,86.21,602,0.0,63,2.1,True,1.0
356.75,181.37,866,16130,0.174,111.72,866,0.0,63,2.1,True,2.0
341.65,164.57,884,16130,0.44,93.69,884,0.0,63,2.1,True,2.0
147.34,155.71,855,16130,0.311,87.97,855,0.0,63,2.1,True,2.0
360.35,38.13,296,16130,0.539,36.07,296,0.0,63,2.1,True,1.0
147.03,155.27,927,16130,0.39,83.02,927,0.0,64,2.133,True,2.0
341.65,164.57,884,16130,0.44,93.67,884,0.0,64,2.133,True,2.0
357.16,180.96,942,16130,0.416,113.21,942,0.0,64,2.133,True,2.0
360.35,38.14,297,16130,0.537,37.29,297,0.0,64,2.133,True,1.0
360.18,70.56,243,16130,0.468,36.4,243,0.0,64,2.133,True,1.0
359.7,156.92,845,16130,0.099,96.34,845,0.0,64,2.133,True,2.0
360.42,211.6,246,16130,0.148,34.63,246,0.0,64,2.133,True,2.0
362.65,82.1,701,16130,0.068,95.89,701,0.0,64,2.133,True,1.0
360.11,70.78,254,16130,0.526,34.45,254,0.0,65,2.167,True,1.0
362.71,81.85,649,16130,0.055,90.71,649,0.0,65,2.167,True,1.0
360.44,211.03,287,16130,0.138,44.05,287,0.0,65,2.167,True,2.0
359.55,156.94,824,16130,0.141,97.25,824,0.0,65,2.167,True,2.0
341.65,164.57,885,16130,0.441,93.76,885,0.0,65,2.167,True,2.0
357.14,180.41,911,16130,0.429,110.77,911,0.0,65,2.167,True,2.0
145.39,155.91,890,16130,0.323,92.89,890,0.0,65,2.167,True,2.0
360.34,38.15,297,16130,0.541,37.07,297,0.0,65,2.167,True,1.0
362.72,81.87,657,16130,0.045,92.05,657,0.0,66,2.2,True,1.0
359.83,71.46,285,16130,0.379,40.57,285,0.0,66,2.2,True,1.0
360.34,38.16,298,16130,0.54,36.65,298,0.0,66,2.2,True,1.0
360.3,211.42,238,16130,0.004,34.9,238,0.0,66,2.2,True,2.0
357.14,180.41,911,16130,0.429,111.25,911,0.0,66,2.2,True,2.0
341.34,165.06,973,16130,0.339,99.47,973,0.0,66,2.2,True,2.0
144.19,155.92,958,16130,0.363,92.49,958,0.0,66,2.2,True,2.0
359.47,156.96,832,16130,0.164,100.78,832,0.0,66,2.2,True,2.0
360.38,211.61,234,16130,0.08,33.15,234,0.0,67,2.233,True,2.0
142.43,156.0,918,16130,0.347,90.3,918,0.0,67,2.233,True,2.0
341.06,165.16,1012,16130,0.349,102.95,1012,0.0,67,2.233,True,2.0
352.76,153.33,534,16130,0.191,53.22,534,0.0,67,2.233,True,2.0
357.16,180.34,909,16130,0.427,110.81,909,0.0,67,2.233,True,2.0
360.34,38.15,297,16130,0.536,37.08,297,0.0,67,2.233,True,1.0
359.89,71.17,277,16130,0.444,39.7,277,0.0,67,2.233,True,1.0
362.7,80.54,667,16130,0.137,82.45,667,0.0,67,2.233,True,1.0
360.43,211.77,230,16130,0.085,33.6,230,0.0,68,2.267,True,2.0
360.15,70.54,203,16130,0.45,32.29,203,0.0,68,2.267,True,1.0
363.22,79.59,602,16130,0.188,81.59,602,0.0,68,2.267,True,1.0
360.34,38.13,294,16130,0.533,37.09,294,0.0,68,2.267,True,1.0
357.18,180.28,908,16130,0.425,111.26,908,0.0,68,2.267,True,2.0
356.5,156.56,736,16130,0.116,87.7,736,0.0,68,2.267,True,2.0
341.06,165.16,1011,16130,0.349,102.97,1011,0.0,68,2.267,True,2.0
141.29,155.85,918,16130,0.352,89.88,918,0.0,68,2.267,True,2.0
140.02,155.95,1014,16130,0.397,90.77,1014,0.0,69,2.3,True,2.0
341.06,165.16,1010,16130,0.349,102.99,1010,0.0,69,2.3,True,2.0
357.23,180.14,910,16130,0.419,111.28,910,0.0,69,2.3,True,2.0
359.02,157.44,860,16130,0.407,103.86,860,0.0,69,2.3,True,2.0
360.35,38.11,293,16130,0.529,37.09,293,0.0,69,2.3,True,1.0
360.16,70.55,201,16130,0.46,31.42,201,0.0,69,2.3,True,1.0
360.31,211.42,239,16130,0.004,34.91,239,0.0,69,2.3,True,2.0
363.16,79.81,582,16130,0.139,84.22,582,0.0,69,2.3,True,1.0
363.1,80.03,577,16130,0.096,87.3,577,0.0,70,2.333,True,1.0
360.49,212.05,236,16130,0.114,34.05,236,0.0,70,2.333,True,2.0
360.17,70.59,200,16130,0.473,30.55,200,0.0,70,2.333,True,1.0
360.35,38.1,292,16130,0.525,37.1,292,0.0,70,2.333,True,1.0
138.11,155.96,1003,16130,0.388,91.22,1003,0.0,70,2.333,True,2.0
357.23,180.14,911,16130,0.418,111.3,911,0.0,70,2.333,True,2.0
341.06,165.16,1010,16130,0.349,103.01,1010,0.0,70,2.333,True,2.0
359.33,156.86,874,16130,0.303,98.21,874,0.0,70,2.333,True,2.0
360.14,70.67,201,16130,0.482,30.54,201,0.0,71,2.367,True,1.0
363.04,79.74,596,16130,0.129,89.47,596,0.0,71,2.367,True,1.0
360.49,212.05,235,16130,0.115,33.98,235,0.0,71,2.367,True,2.0
360.36,38.06,281,16130,0.522,36.13,281,0.0,71,2.367,True,1.0
359.13,156.79,837,16130,0.332,100.66,837,0.0,71,2.367,True,2.0
357.23,180.03,918,16130,0.42,109.26,918,0.0,71,2.367,True,2.0
341.06,165.16,1011,16130,0.349,103.24,1011,0.0,71,2.367,True,2.0
137.02,155.95,1010,16130,0.399,90.33,1010,0.0,71,2.367,True,2.0
360.46,211.1,241,16130,0.05,38.04,241,0.0,72,2.4,True,2.0
360.14,71.08,231,16130,0.545,30.01,231,0.0,72,2.4,True,1.0
360.37,38.04,273,16130,0.507,34.66,273,0.0,72,2.4,True,1.0
362.29,79.82,791,16130,0.126,93.84,791,0.0,72,2.4,True,1.0
357.23,179.93,924,16130,0.426,107.79,924,0.0,72,2.4,True,2.0
341.06,165.16,1011,16130,0.348,103.14,1011,0.0,72,2.4,True,2.0
135.27,155.87,930,16130,0.367,90.04,930,0.0,72,2.4,True,2.0
359.13,156.79,836,16130,0.332,100.6,836,0.0,72,2.4,True,2.0
134.16,155.62,913,16130,0.35,80.82,913,0.0,73,2.433,True,2.0
341.06,165.16,1012,16130,0.348,103.25,1012,0.0,73,2.433,True,2.0
357.23,179.92,930,16130,0.422,107.9,930,0.0,73,2.433,True,2.0
359.13,156.79,837,16130,0.332,100.71,837,0.0,73,2.433,True,2.0
360.37,37.98,258,16130,0.501,33.85,258,0.0,73,2.433,True,1.0
359.92,71.64,242,16130,0.563,31.74,242,0.0,73,2.433,True,1.0
360.46,211.1,241,16130,0.05,38.08,241,0.0,73,2.433,True,2.0
362.12,81.08,840,16130,0.195,92.67,840,0.0,73,2.433,True,1.0
359.94,71.55,244,16130,0.499,36.37,244,0.0,74,2.467,True,1.0
360.46,211.1,240,16130,0.051,38.08,240,0.0,74,2.467,True,2.0
360.38,37.91,246,16130,0.488,32.95,246,0.0,74,2.467,True,1.0
362.6,82.55,778,16130,0.325,90.72,778,0.0,74,2.467,True,1.0
357.22,179.91,934,16130,0.422,107.4,934,0.0,74,2.467,True,2.0
341.15,165.03,922,16130,0.264,109.12,922,0.0,74,2.467,True,2.0
133.13,155.22,941,16130,0.388,85.58,941,0.0,74,2.467,True,2.0
359.13,156.79,837,16130,0.331,100.56,837,0.0,74,2.467,True,2.0
360.46,211.12,241,16130,0.059,37.83,241,0.0,75,2.5,True,2.0
357.19,180.1,858,16130,0.419,105.6,858,0.0,75,2.5,True,2.0
362.45,83.05,811,16130,0.303,85.23,811,0.0,75,2.5,True,1.0
359.93,71.54,245,16130,0.5,36.59,245,0.0,75,2.5,True,1.0
338.56,182.1,761,16130,0.222,83.57,761,0.0,75,2.5,True,2.0
359.13,156.79,837,16130,0.333,100.62,837,0.0,75,2.5,True,2.0
360.36,37.95,237,16130,0.493,32.01,237,0.0,75,2.5,True,1.0
132.06,155.09,974,16130,0.363,91.05,974,0.0,75,2.5,True,2.0
130.35,155.0,956,16130,0.364,92.66,956,0.0,76,2.533,True,2.0
331.0,186.99,927,16130,0.301,91.87,927,0.0,76,2.533,True,2.0
357.31,180.65,751,16130,0.301,99.4,751,0.0,76,2.533,True,2.0
359.13,156.79,837,16130,0.332,100.98,837,0.0,76,2.533,True,2.0
360.33,38.0,226,16130,0.505,31.28,226,0.0,76,2.533,True,1.0
360.01,70.99,224,16130,0.51,31.68,224,0.0,76,2.533,True,1.0
360.47,211.14,242,16130,0.066,37.62,242,0.0,76,2.533,True,2.0
362.28,81.93,814,16130,0.155,96.23,814,0.0,76,2.533,True,1.0
362.17,81.75,706,16130,0.166,99.11,706,0.0,77,2.567,True,1.0
360.47,211.16,243,16130,0.077,37.66,243,0.0,77,2.567,True,2.0
359.97,71.53,235,16130,0.539,32.11,235,0.0,77,2.567,True,1.0
360.31,38.06,217,16130,0.515,30.53,217,0.0,77,2.567,True,1.0
128.49,154.68,875,16130,0.268,90.79,875,0.0,77,2.567,True,2.0
357.3,180.98,681,16130,0.23,101.09,681,0.0,77,2.567,True,2.0
330.88,187.1,994,16130,0.302,100.3,994,0.0,77,2.567,True,2.0
359.13,156.79,836,16130,0.332,100.7,836,0.0,77,2.567,True,2.0
359.92,71.81,271,16130,0.567,34.56,271,0.0,78,2.6,True,1.0
361.48,84.24,725,16130,0.042,97.71,725,0.0,78,2.6,True,1.0
360.46,211.19,247,16130,0.08,37.73,247,0.0,78,2.6,True,2.0
360.26,38.1,208,16130,0.527,29.79,208,0.0,78,2.6,True,1.0
359.13,156.79,837,16130,0.331,100.89,837,0.0,78,2.6,True,2.0
357.34,181.51,733,16130,0.353,96.12,733,0.0,78,2.6,True,2.0
331.0,187.1,1007,16130,0.305,101.28,1007,0.0,78,2.6,True,2.0
127.48,154.61,851,16130,0.289,83.41,851,0.0,78,2.6,True,2.0
360.34,211.38,221,16130,0.043,32.5,221,0.0,79,2.633,True,2.0
359.97,71.18,244,16130,0.552,32.11,244,0.0,79,2.633,True,1.0
360.27,38.09,208,16130,0.531,29.73,208,0.0,79,2.633,True,1.0
361.22,85.28,743,16130,0.155,99.09,743,0.0,79,2.633,True,1.0
357.36,182.16,775,16130,0.459,84.82,775,0.0,79,2.633,True,2.0
331.01,187.1,1001,16130,0.299,101.07,1001,0.0,79,2.633,True,2.0
126.19,154.6,891,16130,0.339,82.44,891,0.0,79,2.633,True,2.0
359.13,156.79,836,16130,0.332,100.68,836,0.0,79,2.633,True,2.0
124.31,154.23,867,16130,0.347,84.98,867,0.0,80,2.667,True,2.0
331.02,187.1,1001,16130,0.298,101.34,1001,0.0,80,2.667,True,2.0
357.33,183.06,780,16130,0.498,84.19,780,0.0,80,2.667,True,2.0
359.13,156.79,837,16130,0.333,100.94,837,0.0,80,2.667,True,2.0
360.35,38.1,153,16130,0.507,21.94,153,0.1,80,2.667,False,0.0
359.97,70.95,229,16130,0.484,33.51,229,0.0,80,2.667,True,1.0
360.42,211.73,217,16130,0.024,31.52,217,0.0,80,2.667,True,2.0
360.7,86.19,860,16130,0.29,93.76,860,0.0,80,2.667,True,1.0
360.57,88.74,680,16130,0.351,74.21,680,0.0,81,2.7,True,1.0
360.46,211.19,247,16130,0.082,37.5,247,0.0,81,2.7,True,2.0
359.97,71.06,240,16130,0.508,33.12,240,0.0,81,2.7,True,1.0
360.37,38.1,128,16130,0.468,18.35,128,0.2,81,2.7,False,0.0
357.39,184.14,743,16130,0.477,73.81,743,0.0,81,2.7,True,2.0
331.02,187.1,1002,16130,0.298,101.74,1002,0.0,81,2.7,True,2.0
123.2,154.11,924,16130,0.362,87.38,924,0.0,81,2.7,True,2.0
359.13,156.79,837,16130,0.333,100.94,837,0.0,81,2.7,True,2.0
360.43,211.11,238,16130,0.06,37.67,238,0.0,82,2.733,True,2.0
121.33,154.11,902,16130,0.353,86.96,902,0.0,82,2.733,True,2.0
331.04,187.1,996,16130,0.29,102.18,996,0.0,82,2.733,True,2.0
357.46,185.91,810,16130,0.418,76.94,810,0.0,82,2.733,True,2.0
359.13,156.79,837,16130,0.331,100.58,837,0.0,82,2.733,True,2.0
359.93,71.0,242,16130,0.46,34.06,242,0.0,82,2.733,True,1.0
360.22,88.54,719,16130,0.495,76.14,719,0.0,82,2.733,True,1.0
362.78,42.71,116,16130,0.183,16.83,116,0.0,82,2.733,False,0.0
360.43,211.15,241,16130,0.063,38.04,241,0.0,83,2.767,True,2.0
360.24,89.14,684,16130,0.455,82.49,684,0.0,83,2.767,True,1.0
359.66,71.31,301,16130,0.341,36.04,301,0.0,83,2.767,True,1.0
119.26,153.99,860,16130,0.331,87.29,860,0.0,83,2.767,True,2.0
345.09,153.5,530,16130,0.133,70.87,530,0.0,83,2.767,True,2.0
331.04,187.1,996,16130,0.291,101.71,996,0.0,83,2.767,True,2.0
362.79,42.88,125,16130,0.159,18.42,125,0.0,83,2.767,False,0.0
357.45,187.47,743,16130,0.42,72.88,743,0.0,83,2.767,True,2.0
360.66,89.88,743,16130,0.369,87.59,743,0.0,84,2.8,True,1.0
357.45,188.74,781,16130,0.458,78.79,781,0.0,84,2.8,True,2.0
363.95,166.46,121,16130,0.514,16.4,121,0.0,84,2.8,False,0.0
362.83,42.95,143,16130,0.135,20.4,143,0.0,84,2.8,False,0.0
360.43,211.19,246,16130,0.065,38.0,246,0.0,84,2.8,True,2.0
348.83,164.02,666,16130,0.251,64.79,666,0.0,84,2.8,True,2.0
331.04,187.1,996,16130,0.289,101.99,996,0.0,84,2.8,True,2.0
117.51,153.89,798,16130,0.318,83.99,798,0.0,84,2.8,True,2.0
359.94,71.16,250,16130,0.515,30.8,250,0.0,84,2.8,True,1.0
360.71,90.07,780,16130,0.357,96.99,780,0.0,85,2.833,True,1.0
116.03,153.96,917,16130,0.383,83.77,917,0.0,85,2.833,True,2.0
331.04,187.1,997,16130,0.29,102.2,997,0.0,85,2.833,True,2.0
355.93,168.02,789,16130,0.172,92.98,789,0.0,85,2.833,True,2.0
357.48,188.95,856,16130,0.417,85.37,856,0.0,85,2.833,True,2.0
359.92,70.9,222,16130,0.476,30.06,222,0.0,85,2.833,True,1.0
360.42,211.22,251,16130,0.061,38.08,251,0.0,85,2.833,True,2.0
362.83,43.14,142,16130,0.164,22.04,142,0.0,85,2.833,False,0.0
360.41,211.26,255,16130,0.059,38.0,255,0.0,86,2.867,True,2.0
359.9,70.71,208,16130,0.43,30.0,208,0.0,86,2.867,True,1.0
357.5,189.66,796,16130,0.424,81.99,796,0.0,86,2.867,True,2.0
360.7,90.13,767,16130,0.327,98.79,767,0.0,86,2.867,True,1.0
331.04,187.1,996,16130,0.289,101.99,996,0.0,86,2.867,True,2.0
113.5,153.88,811,16130,0.31,85.19,811,0.0,86,2.867,True,2.0
350.8,157.39,703,16130,0.318,71.99,703,0.0,86,2.867,True,2.0
362.85,43.13,152,16130,0.237,22.8,152,0.0,86,2.867,False,0.0
360.42,211.26,255,16130,0.061,38.0,255,0.0,87,2.9,True,2.0
362.65,43.18,160,16130,0.139,22.8,160,0.0,87,2.9,False,0.0
359.93,70.6,208,16130,0.46,29.2,208,0.0,87,2.9,True,1.0
360.91,90.19,697,16130,0.367,98.41,697,0.0,87,2.9,True,1.0
352.5,156.07,727,16130,0.281,72.01,727,0.0,87,2.9,True,2.0
331.04,187.1,996,16130,0.289,102.01,996,0.0,87,2.9,True,2.0
111.51,153.89,807,16130,0.318,85.61,807,0.0,87,2.9,True,2.0
357.6,189.92,838,16130,0.472,82.41,838,0.0,87,2.9,True,2.0
360.89,90.06,708,16130,0.338,101.22,708,0.0,88,2.933,True,1.0
360.42,211.26,255,16130,0.06,37.86,255,0.0,88,2.933,True,2.0
359.98,70.46,216,16130,0.523,27.9,216,0.0,88,2.933,False,0.0
361.98,43.38,199,16130,0.219,21.92,199,0.0,88,2.933,False,0.0
357.15,158.99,733,16130,0.214,98.03,733,0.0,88,2.933,True,2.0
331.04,187.1,991,16130,0.289,101.62,991,0.0,88,2.933,True,2.0
110.17,153.98,881,16130,0.367,83.69,881,0.0,88,2.933,True,2.0
357.64,190.5,825,16130,0.494,85.68,825,0.0,88,2.933,True,2.0
107.59,153.9,802,16130,0.293,86.58,802,0.0,89,2.967,True,2.0
331.04,187.1,995,16130,0.291,102.01,995,0.0,89,2.967,True,2.0
357.64,190.5,824,16130,0.495,85.72,824,0.0,89,2.967,True,2.0
359.97,70.6,228,16130,0.542,28.29,228,0.0,89,2.967,True,1.0
359.8,159.19,932,16130,0.311,109.3,932,0.0,89,2.967,True,2.0
360.41,211.26,253,16130,0.056,37.72,253,0.0,89,2.967,True,2.0
360.85,89.93,720,16130,0.306,103.72,720,0.0,89,2.967,True,1.0
361.96,43.4,197,16130,0.223,21.86,197,0.0,89,2.967,False,0.0
359.85,71.0,258,16130,0.593,28.75,258,0.0,90,3.0,True,1.0
360.78,90.07,730,16130,0.3,103.25,730,0.0,90,3.0,True,1.0
360.41,211.26,255,16130,0.06,38.06,255,0.0,90,3.0,True,2.0
361.14,43.6,177,16130,0.305,20.65,177,0.0,90,3.0,False,0.0
357.72,190.58,795,16130,0.513,86.24,795,0.0,90,3.0,True,2.0
358.43,158.95,879,16130,0.293,91.5,879,0.0,90,3.0,True,2.0
331.17,187.1,983,16130,0.294,100.01,983,0.0,90,3.0,True,2.0
106.2,153.9,879,16130,0.343,86.24,879,0.0,90,3.0,True,2.0
360.41,211.26,255,16130,0.059,37.99,255,0.0,91,3.033,True,2.0
359.89,70.45,212,16130,0.509,29.28,212,0.0,91,3.033,True,1.0
360.51,43.74,156,16130,0.225,25.32,156,0.0,91,3.033,False,0.0
360.69,90.28,764,16130,0.299,100.9,764,0.0,91,3.033,True,1.0
357.74,159.13,912,16130,0.416,94.96,912,0.0,91,3.033,True,2.0
331.73,187.02,941,16130,0.307,93.38,941,0.0,91,3.033,True,2.0
104.29,154.13,912,16130,0.345,88.24,912,0.0,91,3.033,True,2.0
357.78,190.67,772,16130,0.526,86.26,772,0.0,91,3.033,True,2.0
102.4,154.07,910,16130,0.321,91.4,910,0.0,92,3.067,True,2.0
331.24,186.76,920,16130,0.306,91.4,920,0.0,92,3.067,True,2.0
357.6,159.42,937,16130,0.429,96.55,937,0.0,92,3.067,True,2.0
357.84,190.76,754,16130,0.533,86.26,754,0.0,92,3.067,True,2.0
360.26,43.84,163,16130,0.199,30.07,163,0.0,92,3.067,True,1.0
359.89,70.47,211,16130,0.516,28.88,211,0.0,92,3.067,True,1.0
360.41,211.26,255,16130,0.059,37.99,255,0.0,92,3.067,True,2.0
360.69,90.28,764,16130,0.299,100.9,764,0.0,92,3.067,True,1.0
359.92,70.43,204,16130,0.534,27.74,204,0.0,93,3.1,False,0.0
360.69,90.29,777,16130,0.324,99.69,777,0.0,93,3.1,True,1.0
360.26,43.83,163,16130,0.197,29.75,163,0.0,93,3.1,True,1.0
360.35,210.02,663,16130,0.154,96.47,663,0.0,93,3.1,True,2.0
357.22,159.94,988,16130,0.364,102.1,988,0.0,93,3.1,True,2.0
331.06,186.08,924,16130,0.416,86.02,924,0.0,93,3.1,True,2.0
101.71,154.12,949,16130,0.396,87.63,949,0.0,93,3.1,True,2.0
357.87,190.85,737,16130,0.529,85.62,737,0.0,93,3.1,True,2.0
360.69,90.24,790,16130,0.345,99.37,790,0.0,94,3.133,True,1.0
359.96,70.19,212,16130,0.572,26.92,212,0.0,94,3.133,False,0.0
360.26,43.84,162,16130,0.195,29.69,162,0.0,94,3.133,True,1.0
361.67,214.21,406,16130,0.183,71.26,406,0.0,94,3.133,True,2.0
356.87,160.05,1014,16130,0.367,100.95,1014,0.0,94,3.133,True,2.0
330.03,184.27,927,16130,0.426,85.91,927,0.0,94,3.133,True,2.0
99.24,154.78,918,16130,0.35,90.26,918,0.0,94,3.133,True,2.0
357.9,190.94,722,16130,0.522,85.51,722,0.0,94,3.133,True,2.0
97.39,154.88,902,16130,0.33,91.61,902,0.0,95,3.167,True,2.0
330.16,183.69,876,16130,0.434,82.15,876,0.0,95,3.167,True,2.0
354.99,160.61,922,16130,0.361,86.69,922,0.0,95,3.167,True,2.0
357.96,191.14,694,16130,0.511,85.18,694,0.0,95,3.167,True,2.0
360.27,43.83,163,16130,0.203,29.91,163,0.0,95,3.167,True,1.0
360.0,70.16,209,16130,0.589,26.12,209,0.0,95,3.167,False,0.0
360.72,90.23,776,16130,0.366,96.16,776,0.0,95,3.167,True,1.0
361.9,214.72,386,16130,0.286,68.14,386,0.0,95,3.167,True,2.0
360.01,70.22,212,16130,0.605,26.09,212,0.0,96,3.2,False,0.0
361.66,214.4,524,16130,0.265,79.03,524,0.0,96,3.2,True,2.0
360.26,43.85,161,16130,0.196,29.92,161,0.0,96,3.2,True,1.0
360.8,89.97,732,16130,0.363,97.82,732,0.0,96,3.2,True,1.0
354.13,160.6,908,16130,0.358,89.77,908,0.0,96,3.2,True,2.0
329.96,182.75,880,16130,0.519,91.3,880,0.0,96,3.2,True,2.0
96.16,155.04,996,16130,0.363,93.99,996,0.0,96,3.2,True,2.0
357.96,191.14,693,16130,0.51,85.16,693,0.0,96,3.2,True,2.0
95.62,155.18,924,16130,0.359,89.22,924,0.0,97,3.233,True,2.0
330.3,181.64,871,16130,0.457,87.69,871,0.0,97,3.233,True,2.0
353.76,160.24,920,16130,0.399,87.69,920,0.0,97,3.233,True,2.0
357.96,191.12,661,16130,0.5,83.86,661,0.0,97,3.233,True,2.0
360.2,43.84,169,16130,0.173,31.02,169,0.0,97,3.233,True,1.0
360.04,70.76,208,16130,0.565,26.42,208,0.0,97,3.233,False,0.0
360.81,89.97,729,16130,0.37,97.64,729,0.0,97,3.233,True,1.0
361.66,214.4,524,16130,0.266,79.26,524,0.0,97,3.233,True,2.0
361.68,213.62,503,16130,0.107,62.39,503,0.0,98,3.267,True,2.0
360.8,89.85,766,16130,0.404,97.61,766,0.0,98,3.267,True,1.0
360.0,70.71,205,16130,0.544,26.41,205,0.0,98,3.267,False,0.0
360.17,43.81,178,16130,0.16,32.15,178,0.0,98,3.267,True,1.0
351.47,160.72,865,16130,0.361,89.57,865,0.0,98,3.267,True,2.0
330.87,180.0,896,16130,0.452,91.48,896,0.0,98,3.267,True,2.0
93.19,155.53,898,16130,0.293,82.68,898,0.0,98,3.267,True,2.0
357.96,191.12,661,16130,0.5,83.83,661,0.0,98,3.267,True,2.0
360.8,89.85,766,16130,0.403,97.37,766,0.0,99,3.3,True,1.0
92.09,155.9,989,16130,0.34,97.37,989,0.0,99,3.3,True,2.0
332.01,179.05,877,16130,0.42,88.94,877,0.0,99,3.3,True,2.0
351.33,160.7,905,16130,0.358,90.85,905,0.0,99,3.3,True,2.0
357.95,191.11,632,16130,0.489,82.8,632,0.0,99,3.3,True,2.0
360.12,43.8,187,16130,0.135,33.35,187,0.0,99,3.3,True,1.0
360.0,70.71,205,16130,0.544,26.45,205,0.0,99,3.3,False,0.0
360.31,213.31,454,16130,0.237,57.5,454,0.0,99,3.3,True,2.0
360.04,70.89,218,16130,0.577,25.68,218,0.0,100,3.333,False,0.0
360.04,43.81,199,16130,0.113,34.98,199,0.0,100,3.333,True,1.0
360.63,89.93,778,16130,0.387,90.06,778,0.0,100,3.333,True,1.0
359.12,212.67,387,16130,0.301,68.48,387,0.0,100,3.333,True,2.0
357.95,191.11,632,16130,0.489,82.99,632,0.0,100,3.333,True,2.0
350.91,161.12,942,16130,0.388,89.32,942,0.0,100,3.333,True,2.0
333.21,178.23,891,16130,0.386,84.85,891,0.0,100,3.333,True,2.0
91.13,156.18,995,16130,0.325,94.9,995,0.0,100,3.333,True,2.0
89.2,156.61,908,16130,0.306,88.62,908,0.0,101,3.367,True,2.0
334.75,177.2,862,16130,0.374,87.33,862,0.0,101,3.367,True,2.0
350.01,161.2,992,16130,0.383,91.22,992,0.0,101,3.367,True,2.0
357.93,191.64,711,16130,0.437,97.27,711,0.0,101,3.367,True,2.0
360.04,43.81,198,16130,0.113,35.02,198,0.0,101,3.367,True,1.0
359.93,70.92,216,16130,0.559,25.07,216,0.0,101,3.367,False,0.0
360.41,208.8,839,16130,0.083,110.24,839,0.0,101,3.367,True,2.0
360.6,89.9,788,16130,0.389,89.49,788,0.0,101,3.367,True,1.0
360.56,89.86,802,16130,0.39,88.54,802,0.0,102,3.4,True,1.0
360.28,208.34,1017,16130,0.179,106.58,1017,0.0,102,3.4,True,2.0
359.82,70.89,215,16130,0.539,23.92,215,0.0,102,3.4,False,0.0
360.04,43.81,198,16130,0.111,34.83,198,0.0,102,3.4,True,1.0
88.21,156.61,908,16130,0.306,88.54,908,0.0,102,3.4,True,2.0
349.06,161.29,933,16130,0.372,86.44,933,0.0,102,3.4,True,2.0
335.43,176.7,846,16130,0.357,86.44,846,0.0,102,3.4,True,2.0
357.95,192.28,718,16130,0.463,92.73,718,0.0,102,3.4,True,2.0
360.04,43.8,198,16130,0.11,34.84,198,0.0,103,3.433,True,1.0
360.55,90.31,782,16130,0.382,87.54,782,0.0,103,3.433,True,1.0
360.2,208.33,1043,16130,0.138,111.05,1043,0.0,103,3.433,True,2.0
357.91,193.01,812,16130,0.403,108.0,812,0.0,103,3.433,True,2.0
348.91,161.41,888,16130,0.346,84.05,888,0.0,103,3.433,True,2.0
337.94,175.97,921,16130,0.365,92.33,921,0.0,103,3.433,True,2.0
336.88,62.73,625,16130,0.243,72.73,625,0.0,103,3.433,True,1.0
87.11,156.92,916,16130,0.354,91.89,916,0.0,103,3.433,True,2.0
360.41,209.1,940,16130,0.168,118.41,940,0.0,104,3.467,True,2.0
360.05,43.81,197,16130,0.111,34.96,197,0.0,104,3.467,True,1.0
357.88,193.52,894,16130,0.394,113.74,894,0.0,104,3.467,True,2.0
361.91,90.15,811,16130,0.424,85.77,811,0.0,104,3.467,True,1.0
339.08,175.72,941,16130,0.335,94.16,941,0.0,104,3.467,True,2.0
299.95,51.35,588,16130,0.276,64.8,588,0.0,104,3.467,True,1.0
85.3,157.12,909,16130,0.346,89.97,909,0.0,104,3.467,True,2.0
347.8,161.36,867,16130,0.352,84.84,867,0.0,104,3.467,True,2.0
83.38,157.55,853,16130,0.292,84.37,853,0.0,105,3.5,True,2.0
281.77,38.22,810,16130,0.501,77.7,810,0.0,105,3.5,True,1.0
341.06,175.02,917,16130,0.352,92.36,917,0.0,105,3.5,True,2.0
345.88,161.96,974,16130,0.409,91.03,974,0.0,105,3.5,True,2.0
357.77,193.88,903,16130,0.347,113.23,903,0.0,105,3.5,True,2.0
360.04,43.81,197,16130,0.109,35.08,197,0.0,105,3.5,True,1.0
360.93,210.24,620,16130,0.268,77.7,620,0.0,105,3.5,True,2.0
362.02,90.09,825,16130,0.432,85.25,825,0.0,105,3.5,True,1.0
360.04,43.81,196,16130,0.107,34.93,196,0.0,106,3.533,True,1.0
360.93,210.24,620,16130,0.269,77.72,620,0.0,106,3.533,True,2.0
357.62,194.26,927,16130,0.32,110.9,927,0.0,106,3.533,True,2.0
361.5,90.46,750,16130,0.353,88.63,750,0.0,106,3.533,True,1.0
342.91,174.86,939,16130,0.342,92.12,939,0.0,106,3.533,True,2.0
295.86,24.72,617,16130,0.29,60.69,617,0.0,106,3.533,True,1.0
82.18,157.85,910,16130,0.358,89.07,910,0.0,106,3.533,True,2.0
344.78,162.25,932,16130,0.39,88.19,932,0.0,106,3.533,True,2.0
360.5,210.41,467,16130,0.116,62.67,467,0.0,107,3.567,True,2.0
360.03,43.82,198,16130,0.104,34.96,198,0.0,107,3.567,True,1.0
357.36,194.71,887,16130,0.317,108.71,887,0.0,107,3.567,True,2.0
361.92,90.12,853,16130,0.395,87.39,853,0.0,107,3.567,True,1.0
342.97,162.87,952,16130,0.392,88.67,952,0.0,107,3.567,True,2.0
321.78,42.18,726,16130,0.307,76.31,726,0.0,107,3.567,True,1.0
81.04,157.88,935,16130,0.36,89.95,935,0.0,107,3.567,True,2.0
344.26,174.73,942,16130,0.347,89.52,942,0.0,107,3.567,True,2.0
79.17,158.1,954,16130,0.38,88.77,954,0.0,108,3.6,True,2.0
342.09,163.12,949,16130,0.39,89.68,949,0.0,108,3.6,True,2.0
346.91,174.09,963,16130,0.353,92.88,963,0.0,108,3.6,True,2.0
354.75,53.93,471,16130,0.265,36.15,471,0.0,108,3.6,True,1.0
357.12,195.04,893,16130,0.34,116.68,893,0.0,108,3.6,True,2.0
359.92,43.85,188,16130,0.119,35.23,188,0.0,108,3.6,True,1.0
360.9,210.79,396,16130,0.122,51.25,396,0.0,108,3.6,True,2.0
362.03,90.1,834,16130,0.388,89.22,834,0.0,108,3.6,True,1.0
361.3,212.68,209,16130,0.261,24.42,209,0.0,109,3.633,False,0.0
361.99,50.34,500,16130,0.123,58.26,500,0.0,109,3.633,True,1.0
356.94,195.59,838,16130,0.322,108.82,838,0.0,109,3.633,True,2.0
362.05,90.1,825,16130,0.391,88.68,825,0.0,109,3.633,True,1.0
340.97,163.83,992,16130,0.391,92.97,992,0.0,109,3.633,True,2.0
78.06,158.08,964,16130,0.389,88.68,964,0.0,109,3.633,True,2.0
348.87,174.06,968,16130,0.349,93.82,968,0.0,109,3.633,True,2.0
76.87,158.22,898,16130,0.386,83.28,898,0.0,110,3.667,True,2.0
340.0,164.17,911,16130,0.39,85.82,911,0.0,110,3.667,True,2.0
350.23,173.92,989,16130,0.348,96.81,989,0.0,110,3.667,True,2.0
356.74,195.91,831,16130,0.245,107.8,831,0.0,110,3.667,True,2.0
361.09,50.51,633,16130,0.066,58.76,633,0.0,110,3.667,True,1.0
362.07,90.11,819,16130,0.393,88.36,819,0.0,110,3.667,True,1.0
361.65,213.52,271,16130,0.125,38.47,271,0.0,110,3.667,True,2.0
362.62,51.92,399,16130,0.044,44.24,399,0.0,111,3.7,True,1.0
361.65,213.52,274,16130,0.123,38.56,274,0.0,111,3.7,True,2.0
362.08,90.09,816,16130,0.413,86.46,816,0.0,111,3.7,True,1.0
359.89,43.85,184,16130,0.126,35.31,184,0.0,111,3.7,True,1.0
352.12,173.64,990,16130,0.346,87.27,990,0.0,111,3.7,True,2.0
338.02,164.92,942,16130,0.383,91.74,942,0.0,111,3.7,True,2.0
74.21,158.62,865,16130,0.345,81.59,865,0.0,111,3.7,True,2.0
356.7,196.14,821,16130,0.277,103.51,821,0.0,111,3.7,True,2.0
72.46,158.65,808,16130,0.333,82.16,808,0.0,112,3.733,True,2.0
337.15,165.18,964,16130,0.382,89.13,964,0.0,112,3.733,True,2.0
354.02,173.56,976,16130,0.336,85.26,976,0.0,112,3.733,True,2.0
356.67,196.4,819,16130,0.312,98.82,819,0.0,112,3.733,True,2.0
359.89,43.85,186,16130,0.127,35.27,186,0.0,112,3.733,True,1.0
362.13,90.06,806,16130,0.44,83.71,806,0.0,112,3.733,True,1.0
361.65,213.52,273,16130,0.124,38.75,273,0.0,112,3.733,True,2.0
363.0,52.85,339,16130,0.106,37.59,339,0.0,112,3.733,True,1.0
362.24,89.89,763,16130,0.422,82.24,763,0.0,113,3.767,True,1.0
363.1,52.45,344,16130,0.154,40.27,344,0.0,113,3.767,True,1.0
361.64,213.57,286,16130,0.13,41.97,286,0.0,113,3.767,True,2.0
359.88,43.85,186,16130,0.119,35.61,186,0.0,113,3.767,True,1.0
71.33,158.63,834,16130,0.343,81.39,834,0.0,113,3.767,True,2.0
355.2,173.36,965,16130,0.344,88.18,965,0.0,113,3.767,True,2.0
356.67,196.92,814,16130,0.276,108.1,814,0.0,113,3.767,True,2.0
336.11,165.73,947,16130,0.374,91.14,947,0.0,113,3.767,True,2.0
70.04,158.8,937,16130,0.394,87.34,937,0.0,114,3.8,True,2.0
335.04,166.1,964,16130,0.39,91.58,964,0.0,114,3.8,True,2.0
356.22,173.33,967,16130,0.361,86.07,967,0.0,114,3.8,True,2.0
356.67,196.92,814,16130,0.276,108.12,814,0.0,114,3.8,True,2.0
359.9,43.85,185,16130,0.13,35.62,185,0.0,114,3.8,True,1.0
362.27,89.92,709,16130,0.313,86.92,709,0.0,114,3.8,True,1.0
361.64,213.6,300,16130,0.127,44.52,300,0.0,114,3.8,True,2.0
363.09,52.45,345,16130,0.155,40.28,345,0.0,114,3.8,True,1.0
362.55,90.23,887,16130,0.262,87.99,887,0.0,115,3.833,True,1.0
363.13,52.28,358,16130,0.155,44.21,358,0.0,115,3.833,True,1.0
361.63,213.64,313,16130,0.132,47.61,313,0.0,115,3.833,True,2.0
359.91,43.85,186,16130,0.122,35.71,186,0.0,115,3.833,True,1.0
68.21,158.93,925,16130,0.375,89.27,925,0.0,115,3.833,True,2.0
356.23,173.33,970,16130,0.36,86.29,970,0.0,115,3.833,True,2.0
333.23,166.73,909,16130,0.381,90.12,909,0.0,115,3.833,True,2.0
356.67,196.92,822,16130,0.274,107.97,822,0.0,115,3.833,True,2.0
363.17,52.14,378,16130,0.156,48.07,378,0.0,116,3.867,True,1.0
362.55,90.23,887,16130,0.262,87.63,887,0.0,116,3.867,True,1.0
361.63,213.68,330,16130,0.125,51.04,330,0.0,116,3.867,True,2.0
359.91,43.86,185,16130,0.124,35.73,185,0.0,116,3.867,True,1.0
356.25,172.93,1001,16130,0.352,95.71,1001,0.0,116,3.867,True,2.0
332.81,167.1,956,16130,0.422,89.75,956,0.0,116,3.867,True,2.0
67.85,159.01,964,16130,0.407,87.63,964,0.0,116,3.867,True,2.0
356.67,196.92,826,16130,0.273,108.47,826,0.0,116,3.867,True,2.0
363.17,52.14,378,16130,0.158,47.85,378,0.0,117,3.9,True,1.0
362.09,90.15,778,16130,0.309,81.13,778,0.0,117,3.9,True,1.0
359.9,43.85,187,16130,0.12,35.78,187,0.0,117,3.9,True,1.0
361.6,213.76,335,16130,0.101,53.26,335,0.0,117,3.9,True,2.0
356.95,172.26,968,16130,0.317,89.46,968,0.0,117,3.9,True,2.0
331.16,168.13,971,16130,0.381,91.95,971,0.0,117,3.9,True,2.0
66.14,159.09,950,16130,0.399,87.38,950,0.0,117,3.9,True,2.0
356.66,197.15,814,16130,0.283,106.1,814,0.0,117,3.9,True,2.0
363.17,52.15,377,16130,0.155,47.96,377,0.0,118,3.933,True,1.0
64.95,159.15,976,16130,0.396,88.29,976,0.0,118,3.933,True,2.0
330.09,168.93,961,16130,0.392,92.65,961,0.0,118,3.933,True,2.0
338.65,203.38,582,16130,0.295,64.31,582,0.0,118,3.933,True,2.0
357.59,171.28,882,16130,0.366,85.02,882,0.0,118,3.933,True,2.0
359.74,43.89,222,16130,0.055,38.88,222,0.0,118,3.933,True,1.0
361.59,90.1,728,16130,0.3,78.12,728,0.0,118,3.933,True,1.0
361.59,213.84,341,16130,0.079,55.95,341,0.0,118,3.933,True,2.0
360.16,88.68,634,16130,0.473,83.55,634,0.0,119,3.967,True,1.0
359.68,43.91,241,16130,0.043,40.36,241,0.0,119,3.967,True,1.0
361.59,213.84,342,16130,0.078,55.94,342,0.0,119,3.967,True,2.0
363.17,52.14,378,16130,0.155,48.15,378,0.0,119,3.967,True,1.0
356.96,170.71,883,16130,0.333,89.22,883,0.0,119,3.967,True,2.0
291.99,207.07,764,16130,0.304,80.72,764,0.0,119,3.967,True,2.0
329.64,169.25,890,16130,0.364,90.28,890,0.0,119,3.967,True,2.0
63.85,159.15,932,16130,0.373,88.51,932,0.0,119,3.967,True,2.0
61.42,159.66,839,16130,0.339,84.51,839,0.0,120,4.0,True,2.0
246.07,186.64,568,16130,0.271,55.63,568,0.0,120,4.0,True,2.0
328.85,169.8,860,16130,0.307,90.93,860,0.0,120,4.0,True,2.0
357.12,170.33,864,16130,0.324,87.0,864,0.0,120,4.0,True,2.0
359.61,43.92,261,16130,0.052,42.08,261,0.0,120,4.0,True,1.0
360.55,86.09,649,16130,0.261,80.59,649,0.0,120,4.0,True,1.0
361.58,213.84,342,16130,0.076,55.63,342,0.0,120,4.0,True,2.0
363.17,52.15,378,16130,0.152,48.14,378,0.0,120,4.0,True,1.0
202.11,171.81,814,16130,0.28,83.42,814,0.0,121,4.033,True,2.0
362.52,85.64,868,16130,0.316,86.13,868,0.0,121,4.033,True,1.0
363.21,52.14,372,16130,0.178,47.81,372,0.0,121,4.033,True,1.0
361.59,213.86,355,16130,0.097,59.34,355,0.0,121,4.033,True,2.0
59.42,159.66,840,16130,0.34,84.44,840,0.0,121,4.033,True,2.0
357.17,169.55,833,16130,0.404,85.46,833,0.0,121,4.033,True,2.0
328.17,170.21,711,16130,0.271,77.32,711,0.0,121,4.033,True,2.0
359.55,43.92,263,16130,0.062,41.03,263,0.0,121,4.033,True,1.0
359.48,43.9,265,16130,0.075,39.8,265,0.0,122,4.067,True,1.0
361.59,213.86,354,16130,0.098,59.32,354,0.0,122,4.067,True,2.0
362.07,85.12,967,16130,0.388,87.64,967,0.0,122,4.067,True,1.0
363.25,52.14,366,16130,0.205,48.22,366,0.0,122,4.067,True,1.0
357.69,168.8,887,16130,0.347,87.64,887,0.0,122,4.067,True,2.0
179.12,179.99,822,16130,0.422,97.59,822,0.0,122,4.067,True,2.0
57.47,159.96,865,16130,0.341,90.7,865,0.0,122,4.067,True,2.0
325.28,172.57,507,16130,0.342,61.23,507,0.0,122,4.067,True,2.0
361.59,213.87,355,16130,0.097,59.45,355,0.0,123,4.1,True,2.0
362.14,85.14,911,16130,0.358,90.23,911,0.0,123,4.1,True,1.0
359.4,43.88,271,16130,0.06,40.69,271,0.0,123,4.1,True,1.0
363.31,52.13,361,16130,0.225,48.12,361,0.0,123,4.1,True,1.0
324.31,173.42,650,16130,0.3,77.14,650,0.0,123,4.1,True,2.0
188.37,187.44,750,16130,0.142,89.52,750,0.0,123,4.1,True,2.0
56.74,160.16,931,16130,0.409,85.63,931,0.0,123,4.1,True,2.0
357.41,168.0,754,16130,0.357,84.92,754,0.0,123,4.1,True,2.0
53.5,160.76,844,16130,0.335,88.03,844,0.0,124,4.133,True,2.0
200.07,192.28,934,16130,0.292,92.28,934,0.0,124,4.133,True,2.0
323.36,173.54,780,16130,0.326,83.4,780,0.0,124,4.133,True,2.0
357.8,166.88,700,16130,0.419,72.2,700,0.0,124,4.133,True,2.0
359.38,43.78,238,16130,0.046,35.14,238,0.0,124,4.133,True,1.0
362.08,84.17,825,16130,0.057,98.07,825,0.0,124,4.133,True,1.0
361.59,213.87,355,16130,0.098,59.46,355,0.0,124,4.133,True,2.0
363.37,52.16,346,16130,0.231,46.72,346,0.0,124,4.133,True,1.0
362.27,85.24,717,16130,0.107,94.82,717,0.0,125,4.167,True,1.0
363.37,52.16,345,16130,0.232,46.48,345,0.0,125,4.167,True,1.0
359.39,43.79,236,16130,0.051,35.33,236,0.0,125,4.167,True,1.0
361.58,213.86,354,16130,0.096,59.12,354,0.0,125,4.167,True,2.0
322.9,174.01,938,16130,0.372,91.85,938,0.0,125,4.167,True,2.0
52.25,161.08,952,16130,0.375,88.5,952,0.0,125,4.167,True,2.0
358.19,165.03,760,16130,0.399,76.23,760,0.0,125,4.167,True,2.0
205.21,178.14,848,16130,0.251,82.18,848,0.0,125,4.167,True,2.0
51.82,161.21,918,16130,0.386,82.28,918,0.0,126,4.2,True,2.0
212.05,170.08,531,16130,0.179,83.85,531,0.0,126,4.2,True,2.0
321.66,174.18,914,16130,0.383,89.76,914,0.0,126,4.2,True,2.0
358.45,164.14,789,16130,0.322,82.67,789,0.0,126,4.2,True,2.0
359.37,43.67,208,16130,0.054,30.31,208,0.0,126,4.2,True,1.0
361.9,84.83,857,16130,0.039,100.39,857,0.0,126,4.2,True,1.0
361.58,213.87,354,16130,0.096,59.05,354,0.0,126,4.2,True,2.0
363.43,52.19,337,16130,0.228,45.27,337,0.0,126,4.2,True,1.0
363.43,52.19,337,16130,0.228,45.53,337,0.0,127,4.233,True,1.0
361.59,213.87,355,16130,0.094,59.34,355,0.0,127,4.233,True,2.0
361.58,83.75,909,16130,0.243,95.16,909,0.0,127,4.233,True,1.0
359.86,73.1,110,16130,0.35,20.9,110,0.0,127,4.233,False,0.0
220.09,172.81,818,16130,0.216,91.8,818,0.0,127,4.233,True,2.0
359.38,43.66,206,16130,0.06,30.23,206,0.0,127,4.233,True,1.0
319.77,174.88,974,16130,0.36,92.55,974,0.0,127,4.233,True,2.0
359.17,163.3,927,16130,0.293,88.82,927,0.0,127,4.233,True,2.0
49.19,161.56,913,16130,0.313,83.22,913,0.0,127,4.233,True,2.0
363.43,52.19,337,16130,0.228,45.3,337,0.0,128,4.267,True,1.0
359.61,72.99,116,16130,0.257,21.52,116,0.0,128,4.267,False,0.0
361.59,213.87,354,16130,0.099,59.27,354,0.0,128,4.267,True,2.0
361.73,84.42,798,16130,0.168,89.09,798,0.0,128,4.267,True,1.0
359.39,43.66,198,16130,0.055,28.69,198,0.0,128,4.267,True,1.0
318.0,176.0,990,16130,0.399,94.37,990,0.0,128,4.267,True,2.0
217.68,180.84,1049,16130,0.324,96.26,1049,0.0,128,4.267,True,2.0
47.43,161.6,849,16130,0.317,83.8,849,0.0,128,4.267,True,2.0
358.47,162.87,844,16130,0.389,89.09,844,0.0,128,4.267,True,2.0
361.6,213.88,355,16130,0.098,59.54,355,0.0,129,4.3,True,2.0
362.48,84.94,934,16130,0.237,93.96,934,0.0,129,4.3,True,1.0
359.31,72.89,123,16130,0.06,22.04,123,0.0,129,4.3,False,0.0
359.41,43.64,194,16130,0.055,27.45,194,0.0,129,4.3,False,0.0
363.43,52.19,337,16130,0.229,45.62,337,0.0,129,4.3,True,1.0
316.89,176.37,959,16130,0.357,90.48,959,0.0,129,4.3,True,2.0
217.78,181.06,1061,16130,0.347,98.6,1061,0.0,129,4.3,True,2.0
46.41,161.9,907,16130,0.349,90.48,907,0.0,129,4.3,True,2.0
358.48,162.07,857,16130,0.348,86.61,857,0.0,129,4.3,True,2.0
45.21,162.02,946,16130,0.371,89.17,946,0.0,130,4.333,True,2.0
217.78,181.19,1042,16130,0.341,98.01,1042,0.0,130,4.333,True,2.0
315.0,176.8,965,16130,0.382,88.78,965,0.0,130,4.333,True,2.0
358.09,161.0,804,16130,0.384,93.78,804,0.0,130,4.333,True,2.0
359.43,43.63,189,16130,0.055,26.14,189,0.0,130,4.333,False,0.0
361.6,213.89,357,16130,0.098,59.96,357,0.0,130,4.333,True,2.0
363.43,52.18,337,16130,0.228,45.35,337,0.0,130,4.333,True,1.0
362.59,85.55,874,16130,0.315,96.47,874,0.0,130,4.333,True,1.0
363.43,52.19,337,16130,0.23,45.52,337,0.0,131,4.367,True,1.0
361.61,213.89,358,16130,0.101,60.56,358,0.0,131,4.367,True,2.0
361.81,85.14,774,16130,0.234,72.52,774,0.0,131,4.367,True,1.0
360.83,73.83,101,16130,0.418,13.89,101,0.0,131,4.367,False,0.0
314.68,177.08,935,16130,0.361,91.81,935,0.0,131,4.367,True,2.0
357.75,160.2,794,16130,0.411,98.37,794,0.0,131,4.367,True,2.0
43.53,161.91,865,16130,0.324,89.88,865,0.0,131,4.367,True,2.0
359.45,43.6,186,16130,0.063,25.07,186,0.0,131,4.367,False,0.0
217.8,181.31,1041,16130,0.33,97.21,1041,0.0,131,4.367,True,2.0
363.43,52.18,336,16130,0.23,45.3,336,0.0,132,4.4,True,1.0
42.41,161.7,862,16130,0.307,83.42,862,0.0,132,4.4,True,2.0
216.9,181.73,1073,16130,0.341,96.25,1073,0.0,132,4.4,True,2.0
312.9,177.73,1013,16130,0.353,92.86,1013,0.0,132,4.4,True,2.0
357.6,159.2,778,16130,0.343,94.74,778,0.0,132,4.4,True,2.0
359.44,43.59,187,16130,0.059,25.29,187,0.0,132,4.4,False,0.0
361.82,85.79,873,16130,0.237,90.97,873,0.0,132,4.4,True,1.0
361.61,213.9,358,16130,0.099,60.39,358,0.0,132,4.4,True,2.0
363.45,52.18,336,16130,0.247,45.77,336,0.0,133,4.433,True,1.0
361.61,213.9,358,16130,0.1,60.28,358,0.0,133,4.433,True,2.0
361.21,87.01,653,16130,0.41,58.79,653,0.0,133,4.433,True,1.0
358.96,43.32,186,16130,0.155,26.05,186,0.0,133,4.433,False,0.0
216.16,182.27,1052,16130,0.357,93.4,1052,0.0,133,4.433,True,2.0
311.75,177.95,963,16130,0.356,94.89,963,0.0,133,4.433,True,2.0
41.34,161.54,843,16130,0.294,78.14,843,0.0,133,4.433,True,2.0
357.41,158.6,784,16130,0.364,93.03,784,0.0,133,4.433,True,2.0
358.77,43.17,191,16130,0.214,28.15,191,0.0,134,4.467,True,1.0
361.61,213.9,357,16130,0.102,60.38,357,0.0,134,4.467,True,2.0
362.1,86.81,678,16130,0.316,63.72,678,0.0,134,4.467,True,1.0
363.45,52.17,337,16130,0.253,45.94,337,0.0,134,4.467,True,1.0
357.43,157.77,777,16130,0.325,94.1,777,0.0,134,4.467,True,2.0
215.8,182.88,1008,16130,0.379,94.1,1008,0.0,134,4.467,True,2.0
40.34,161.54,842,16130,0.294,77.8,842,0.0,134,4.467,True,2.0
309.99,178.25,1004,16130,0.372,92.61,1004,0.0,134,4.467,True,2.0
40.84,161.75,929,16130,0.404,81.82,929,0.0,135,4.5,True,2.0
214.34,183.96,1029,16130,0.409,93.51,1029,0.0,135,4.5,True,2.0
308.05,178.85,1033,16130,0.375,95.01,1033,0.0,135,4.5,True,2.0
357.45,156.76,776,16130,0.312,96.14,776,0.0,135,4.5,True,2.0
358.66,43.03,206,16130,0.24,30.16,206,0.0,135,4.5,True,1.0
360.57,86.84,544,16130,0.115,67.87,544,0.0,135,4.5,True,1.0
361.61,213.9,358,16130,0.099,60.33,358,0.0,135,4.5,True,2.0
363.45,52.16,337,16130,0.26,46.0,337,0.0,135,4.5,True,1.0
363.46,52.16,336,16130,0.256,45.89,336,0.0,136,4.533,True,1.0
361.61,213.92,363,16130,0.1,61.32,363,0.0,136,4.533,True,2.0
360.94,88.07,432,16130,0.217,60.55,432,0.0,136,4.533,True,1.0
357.82,155.88,740,16130,0.316,94.87,740,0.0,136,4.533,True,2.0
40.1,161.77,941,16130,0.395,84.08,941,0.0,136,4.533,True,2.0
307.0,178.95,1078,16130,0.371,98.34,1078,0.0,136,4.533,True,2.0
213.86,184.07,1032,16130,0.418,94.49,1032,0.0,136,4.533,True,2.0
358.59,42.94,200,16130,0.221,29.31,200,0.0,136,4.533,True,1.0
363.46,52.16,335,16130,0.257,45.75,335,0.0,137,4.567,True,1.0
361.61,213.92,363,16130,0.095,61.26,363,0.0,137,4.567,True,2.0
362.38,88.25,385,16130,0.062,53.9,385,0.0,137,4.567,True,1.0
358.22,155.24,740,16130,0.211,98.88,740,0.0,137,4.567,True,2.0
359.54,73.21,143,16130,0.149,23.65,143,0.0,137,4.567,False,0.0
305.66,178.83,1020,16130,0.34,97.71,1020,0.0,137,4.567,True,2.0
213.0,185.12,1050,16130,0.423,95.77,1050,0.0,137,4.567,True,2.0
40.06,161.87,952,16130,0.407,86.08,952,0.0,137,4.567,True,2.0
358.54,42.85,200,16130,0.285,30.24,200,0.0,137,4.567,True,1.0
363.47,52.15,334,16130,0.26,45.9,334,0.0,138,4.6,True,1.0
362.28,88.21,405,16130,0.055,56.81,405,0.0,138,4.6,True,1.0
359.82,73.19,150,16130,0.239,27.47,150,0.0,138,4.6,False,0.0
358.41,154.65,719,16130,0.272,91.43,719,0.0,138,4.6,True,2.0
361.61,213.92,363,16130,0.095,60.95,363,0.0,138,4.6,True,2.0
304.01,178.82,1047,16130,0.366,95.94,1047,0.0,138,4.6,True,2.0
212.2,186.09,1049,16130,0.424,90.68,1049,0.0,138,4.6,True,2.0
17.05,178.32,485,16130,0.108,41.76,485,0.0,138,4.6,True,2.0
358.48,42.77,197,16130,0.35,30.85,197,0.0,138,4.6,True,1.0
211.31,187.0,1015,16130,0.424,92.98,1015,0.0,139,4.633,True,2.0
302.09,178.96,1053,16130,0.377,95.37,1053,0.0,139,4.633,True,2.0
358.45,42.69,199,16130,0.393,31.39,199,0.0,139,4.633,True,1.0
359.05,153.94,684,16130,0.157,101.33,684,0.0,139,4.633,True,2.0
360.09,73.15,167,16130,0.284,31.39,167,0.0,139,4.633,True,1.0
362.18,88.18,424,16130,0.048,59.6,424,0.0,139,4.633,True,1.0
361.61,213.92,363,16130,0.095,61.19,363,0.0,139,4.633,True,2.0
363.48,52.15,334,16130,0.252,45.7,334,0.0,139,4.633,True,1.0
361.61,213.92,363,16130,0.098,61.12,363,0.0,140,4.667,True,2.0
363.49,52.17,328,16130,0.269,44.9,328,0.0,140,4.667,True,1.0
359.66,153.41,656,16130,0.19,88.28,656,0.0,140,4.667,True,2.0
362.21,87.94,453,16130,0.111,59.99,453,0.0,140,4.667,True,1.0
358.44,42.65,202,16130,0.402,32.07,202,0.0,140,4.667,True,1.0
300.76,179.08,1011,16130,0.358,95.08,1011,0.0,140,4.667,True,2.0
210.97,186.95,1045,16130,0.444,96.21,1045,0.0,140,4.667,True,2.0
359.67,72.68,137,16130,0.338,22.26,137,0.0,140,4.667,False,0.0
210.03,188.11,1042,16130,0.413,97.53,1042,0.0,141,4.7,True,2.0
299.0,179.04,1051,16130,0.365,97.14,1051,0.0,141,4.7,True,2.0
358.42,42.63,208,16130,0.415,32.89,208,0.0,141,4.7,True,1.0
358.98,54.66,215,16130,0.439,45.9,215,0.0,141,4.7,True,1.0
359.62,153.0,653,16130,0.145,90.64,653,0.0,141,4.7,True,2.0
362.25,87.57,484,16130,0.185,58.52,484,0.0,141,4.7,True,1.0
361.61,213.92,364,16130,0.099,61.19,364,0.0,141,4.7,True,2.0
361.61,213.93,364,16130,0.098,61.28,364,0.0,142,4.733,True,2.0
362.27,87.5,468,16130,0.186,56.31,468,0.0,142,4.733,True,1.0
359.6,152.59,683,16130,0.057,86.95,683,0.0,142,4.733,True,2.0
358.43,42.61,206,16130,0.425,32.56,206,0.0,142,4.733,True,1.0
297.76,179.29,1039,16130,0.337,93.84,1039,0.0,142,4.733,True,2.0
209.21,188.94,1063,16130,0.423,97.29,1063,0.0,142,4.733,True,2.0
358.98,54.66,214,16130,0.443,45.58,214,0.0,142,4.733,True,1.0
208.33,189.98,1017,16130,0.443,92.08,1017,0.0,143,4.767,True,2.0
296.0,179.92,1072,16130,0.38,95.86,1072,0.0,143,4.767,True,2.0
358.44,42.55,213,16130,0.444,33.59,213,0.0,143,4.767,True,1.0
358.92,54.6,250,16130,0.439,50.95,250,0.0,143,4.767,True,1.0
359.64,152.36,620,16130,0.142,86.42,620,0.0,143,4.767,True,2.0
362.27,87.5,470,16130,0.187,56.61,470,0.0,143,4.767,True,1.0
361.62,213.92,363,16130,0.099,61.14,363,0.0,143,4.767,True,2.0
362.4,87.37,488,16130,0.13,54.99,488,0.0,144,4.8,True,1.0
361.62,213.92,363,16130,0.1,61.4,363,0.0,144,4.8,True,2.0
359.38,152.19,607,16130,0.017,85.5,607,0.0,144,4.8,True,2.0
208.05,190.16,1024,16130,0.435,94.92,1024,0.0,144,4.8,True,2.0
358.45,42.54,215,16130,0.442,33.52,215,0.0,144,4.8,True,1.0
294.76,180.03,1027,16130,0.377,95.67,1027,0.0,144,4.8,True,2.0
358.94,54.61,248,16130,0.43,50.85,248,0.0,144,4.8,True,1.0
362.4,87.37,489,16130,0.13,55.1,489,0.0,145,4.833,True,1.0
359.15,152.03,619,16130,0.041,93.07,619,0.0,145,4.833,True,2.0
358.97,54.62,247,16130,0.418,50.63,247,0.0,145,4.833,True,1.0
361.62,213.92,363,16130,0.1,61.43,363,0.0,145,4.833,True,2.0
292.92,180.26,1042,16130,0.357,94.93,1042,0.0,145,4.833,True,2.0
206.87,191.73,1038,16130,0.432,92.33,1038,0.0,145,4.833,True,2.0
358.46,42.54,216,16130,0.439,33.51,216,0.0,145,4.833,True,1.0
206.29,192.84,993,16130,0.447,93.71,993,0.0,146,4.867,True,2.0
291.74,180.94,1102,16130,0.35,102.56,1102,0.0,146,4.867,True,2.0
358.45,42.55,217,16130,0.44,33.78,217,0.0,146,4.867,True,1.0
358.39,151.58,528,16130,0.101,72.4,528,0.0,146,4.867,True,2.0
358.97,54.62,248,16130,0.421,50.68,248,0.0,146,4.867,True,1.0
362.4,87.37,489,16130,0.132,55.1,489,0.0,146,4.867,True,1.0
361.62,213.92,363,16130,0.1,61.13,363,0.0,146,4.867,True,2.0
358.76,54.75,329,16130,0.335,61.8,329,0.0,147,4.9,True,1.0
362.4,87.37,490,16130,0.131,55.22,490,0.0,147,4.9,True,1.0
358.09,151.52,552,16130,0.108,77.16,552,0.0,147,4.9,True,2.0
361.62,213.92,363,16130,0.101,61.43,363,0.0,147,4.9,True,2.0
290.64,181.21,969,16130,0.355,92.88,969,0.0,147,4.9,True,2.0
205.7,193.85,1023,16130,0.41,93.25,1023,0.0,147,4.9,True,2.0
358.45,42.56,216,16130,0.439,33.64,216,0.0,147,4.9,True,1.0
205.1,195.08,1018,16130,0.477,95.43,1018,0.0,148,4.933,True,2.0
288.06,181.69,1085,16130,0.344,94.68,1085,0.0,148,4.933,True,2.0
358.44,42.55,219,16130,0.443,34.19,219,0.0,148,4.933,True,1.0
357.82,151.6,548,16130,0.072,78.14,548,0.0,148,4.933,True,2.0
358.83,54.74,305,16130,0.369,58.98,305,0.0,148,4.933,True,1.0
361.62,213.92,362,16130,0.1,61.24,362,0.0,148,4.933,True,2.0
362.44,87.36,482,16130,0.195,56.35,482,0.0,148,4.933,True,1.0
362.47,87.35,479,16130,0.197,57.11,479,0.0,149,4.967,True,1.0
361.62,213.92,363,16130,0.098,61.1,363,0.0,149,4.967,True,2.0
358.88,54.71,284,16130,0.408,56.31,284,0.0,149,4.967,True,1.0
357.49,151.87,636,16130,0.019,91.45,636,0.0,149,4.967,True,2.0
286.96,182.08,1112,16130,0.373,101.83,1112,0.0,149,4.967,True,2.0
204.53,196.17,971,16130,0.396,92.65,971,0.0,149,4.967,True,2.0
358.44,42.55,220,16130,0.438,33.94,220,0.0,149,4.967,True,1.0
204.28,197.87,1024,16130,0.497,89.21,1024,0.0,150,5.0,True,2.0
284.42,182.83,1012,16130,0.349,96.8,1012,0.0,150,5.0,True,2.0
358.44,42.55,219,16130,0.44,33.79,219,0.0,150,5.0,True,1.0
357.93,151.9,669,16130,0.029,94.91,669,0.0,150,5.0,True,2.0
358.88,54.71,283,16130,0.41,56.18,283,0.0,150,5.0,True,1.0
361.62,213.92,363,16130,0.098,61.12,363,0.0,150,5.0,True,2.0
362.5,87.33,475,16130,0.201,58.08,475,0.0,150,5.0,True,1.0
358.88,54.71,282,16130,0.414,56.02,282,0.0,151,5.033,True,1.0
362.53,87.32,473,16130,0.209,59.17,473,0.0,151,5.033,True,1.0
358.38,151.94,750,16130,0.092,97.83,750,0.0,151,5.033,True,2.0
361.62,213.92,362,16130,0.1,61.15,362,0.0,151,5.033,True,2.0
283.1,182.99,1096,16130,0.372,100.6,1096,0.0,151,5.033,True,2.0
358.45,42.55,217,16130,0.438,33.53,217,0.0,151,5.033,True,1.0
204.29,198.29,994,16130,0.457,90.73,994,0.0,151,5.033,True,2.0
361.62,213.92,363,16130,0.101,61.37,363,0.0,152,5.067,True,2.0
358.99,152.04,908,16130,0.188,104.32,908,0.0,152,5.067,True,2.0
358.85,54.66,288,16130,0.405,56.46,288,0.0,152,5.067,True,1.0
362.49,87.33,479,16130,0.188,58.09,479,0.0,152,5.067,True,1.0
282.7,183.12,1010,16130,0.345,98.19,1010,0.0,152,5.067,True,2.0
204.14,199.28,985,16130,0.478,96.55,985,0.0,152,5.067,True,2.0
358.45,42.47,222,16130,0.452,33.55,222,0.0,152,5.067,True,1.0
203.68,200.14,1009,16130,0.472,93.66,1009,0.0,153,5.1,True,2.0
280.13,183.99,1101,16130,0.364,101.7,1101,0.0,153,5.1,True,2.0
358.49,42.35,235,16130,0.288,33.77,235,0.0,153,5.1,True,1.0
358.83,54.61,296,16130,0.395,56.68,296,0.0,153,5.1,True,1.0
360.13,152.54,1014,16130,0.075,102.5,1014,0.0,153,5.1,True,2.0
361.62,213.92,363,16130,0.1,61.1,363,0.0,153,5.1,True,2.0
362.46,87.34,485,16130,0.164,56.68,485,0.0,153,5.1,True,1.0
360.78,152.74,996,16130,0.162,108.55,996,0.0,154,5.133,True,2.0
361.62,213.92,363,16130,0.101,61.3,363,0.0,154,5.133,True,2.0
358.84,54.61,296,16130,0.399,57.04,296,0.0,154,5.133,True,1.0
362.49,87.31,496,16130,0.178,59.6,496,0.0,154,5.133,True,1.0
279.62,184.27,1002,16130,0.323,97.06,1002,0.0,154,5.133,True,2.0
203.34,201.06,1004,16130,0.442,95.35,1004,0.0,154,5.133,True,2.0
358.48,42.4,230,16130,0.454,33.63,230,0.0,154,5.133,True,1.0
202.8,201.79,937,16130,0.496,93.63,937,0.0,155,5.167,True,2.0
277.05,184.94,1092,16130,0.381,96.28,1092,0.0,155,5.167,True,2.0
358.48,42.4,228,16130,0.457,33.56,228,0.0,155,5.167,True,1.0
358.84,54.61,295,16130,0.399,56.97,295,0.0,155,5.167,True,1.0
360.72,152.81,1037,16130,0.162,112.62,1037,0.0,155,5.167,True,2.0
361.62,213.92,363,16130,0.1,61.39,363,0.0,155,5.167,True,2.0
362.53,87.27,506,16130,0.194,62.27,506,0.0,155,5.167,True,1.0
362.53,87.26,508,16130,0.195,62.79,508,0.0,156,5.2,True,1.0
361.62,213.92,363,16130,0.1,61.2,363,0.0,156,5.2,True,2.0
360.29,152.81,974,16130,0.108,101.59,974,0.0,156,5.2,True,2.0
358.86,54.59,294,16130,0.403,56.8,294,0.0,156,5.2,True,1.0
276.61,185.2,975,16130,0.338,97.19,975,0.0,156,5.2,True,2.0
202.14,202.26,911,16130,0.463,92.39,911,0.0,156,5.2,True,2.0
358.48,42.4,230,16130,0.457,33.6,230,0.0,156,5.2,True,1.0
201.28,203.16,989,16130,0.413,96.59,989,0.0,157,5.233,True,2.0
274.74,185.86,1058,16130,0.348,96.99,1058,0.0,157,5.233,True,2.0
358.48,42.4,230,16130,0.456,33.68,230,0.0,157,5.233,True,1.0
358.88,54.58,292,16130,0.411,56.82,292,0.0,157,5.233,True,1.0
359.92,153.27,952,16130,0.22,103.49,952,0.0,157,5.233,True,2.0
361.62,213.92,362,16130,0.102,61.28,362,0.0,157,5.233,True,2.0
362.53,87.26,508,16130,0.193,62.5,508,0.0,157,5.233,True,1.0
361.62,213.92,362,16130,0.098,61.07,362,0.0,158,5.267,True,2.0
362.53,87.26,509,16130,0.191,62.39,509,0.0,158,5.267,True,1.0
359.28,153.73,947,16130,0.284,112.03,947,0.0,158,5.267,True,2.0
358.89,54.56,293,16130,0.408,57.12,293,0.0,158,5.267,True,1.0
358.48,42.4,230,16130,0.456,33.83,230,0.0,158,5.267,True,1.0
271.51,186.9,938,16130,0.354,93.14,938,0.0,158,5.267,True,2.0
200.68,203.89,963,16130,0.411,91.82,963,0.0,158,5.267,True,2.0
199.77,204.79,978,16130,0.414,93.92,978,0.0,159,5.3,True,2.0
270.94,187.15,1062,16130,0.337,102.58,1062,0.0,159,5.3,True,2.0
358.48,42.4,231,16130,0.453,33.76,231,0.0,159,5.3,True,1.0
358.88,54.55,293,16130,0.41,57.13,293,0.0,159,5.3,True,1.0
358.83,154.6,1018,16130,0.418,109.94,1018,0.0,159,5.3,True,2.0
361.63,213.93,364,16130,0.11,61.89,364,0.0,159,5.3,True,2.0
362.55,87.27,515,16130,0.196,63.63,515,0.0,159,5.3,True,1.0
362.56,87.25,521,16130,0.196,64.87,521,0.0,160,5.333,True,1.0
361.64,213.93,366,16130,0.113,62.2,366,0.0,160,5.333,True,2.0
362.38,75.21,101,16130,0.363,14.66,101,0.0,160,5.333,False,0.0
358.91,154.67,983,16130,0.423,113.29,983,0.0,160,5.333,True,2.0
198.79,205.8,957,16130,0.389,97.3,957,0.0,160,5.333,True,2.0
358.49,42.35,235,16130,0.285,33.77,235,0.0,160,5.333,True,1.0
269.08,187.98,1103,16130,0.374,99.08,1103,0.0,160,5.333,True,2.0
5.26,181.6,243,16130,0.127,19.1,243,0.0,160,5.333,False,0.0
358.89,54.55,291,16130,0.412,56.87,291,0.0,160,5.333,True,1.0
362.34,75.21,113,16130,0.355,16.9,113,0.0,161,5.367,False,0.0
362.56,87.25,530,16130,0.199,65.9,530,0.0,161,5.367,True,1.0
361.65,213.94,369,16130,0.119,62.52,369,0.0,161,5.367,True,2.0
358.25,154.72,974,16130,0.384,107.71,974,0.0,161,5.367,True,2.0
358.68,54.6,395,16130,0.288,70.12,395,0.0,161,5.367,True,1.0
267.87,188.27,1012,16130,0.344,95.46,1012,0.0,161,5.367,True,2.0
198.03,206.83,941,16130,0.402,99.69,941,0.0,161,5.367,True,2.0
35.13,186.49,567,16130,0.227,40.13,567,0.0,161,5.367,True,2.0
358.5,42.45,258,16130,0.443,37.17,258,0.0,161,5.367,True,1.0
362.57,87.24,538,16130,0.199,67.09,538,0.0,162,5.4,True,1.0
361.66,213.95,372,16130,0.128,63.31,372,0.0,162,5.4,True,2.0
358.69,54.61,396,16130,0.285,70.02,396,0.0,162,5.4,True,1.0
358.5,42.45,257,16130,0.449,37.32,257,0.0,162,5.4,True,1.0
362.34,75.2,128,16130,0.309,19.29,128,0.0,162,5.4,False,0.0
265.25,188.8,1012,16130,0.364,94.76,1012,0.0,162,5.4,True,2.0
197.33,207.74,925,16130,0.403,97.28,925,0.0,162,5.4,True,2.0
75.76,213.76,463,16130,0.273,42.35,463,0.0,162,5.4,True,2.0
357.32,154.98,965,16130,0.342,106.92,965,0.0,162,5.4,True,2.0
361.66,213.95,372,16130,0.126,63.04,372,0.0,163,5.433,True,2.0
89.89,198.25,873,16130,0.275,87.84,873,0.0,163,5.433,True,2.0
196.81,208.34,905,16130,0.419,90.78,905,0.0,163,5.433,True,2.0
264.79,189.1,1019,16130,0.336,98.34,1019,0.0,163,5.433,True,2.0
356.68,155.14,980,16130,0.331,107.17,980,0.0,163,5.433,True,2.0
358.5,42.44,260,16130,0.442,37.4,260,0.0,163,5.433,True,1.0
358.69,54.57,395,16130,0.29,69.34,395,0.0,163,5.433,True,1.0
362.38,75.35,107,16130,0.341,15.55,107,0.0,163,5.433,False,0.0
362.58,87.23,534,16130,0.205,67.24,534,0.0,163,5.433,True,1.0
358.69,54.57,394,16130,0.293,69.32,394,0.0,164,5.467,True,1.0
362.59,87.24,535,16130,0.211,67.31,535,0.0,164,5.467,True,1.0
358.5,42.44,262,16130,0.442,37.48,262,0.0,164,5.467,True,1.0
361.66,213.95,373,16130,0.126,63.28,373,0.0,164,5.467,True,2.0
262.9,189.85,1088,16130,0.36,96.73,1088,0.0,164,5.467,True,2.0
92.39,199.36,832,16130,0.375,89.88,832,0.0,164,5.467,True,2.0
355.58,156.06,990,16130,0.321,102.78,990,0.0,164,5.467,True,2.0
195.97,209.86,897,16130,0.379,93.51,897,0.0,164,5.467,True,2.0
362.59,87.24,533,16130,0.212,67.73,533,0.0,165,5.5,True,1.0
90.64,190.5,753,16130,0.5,75.21,753,0.0,165,5.5,True,2.0
195.29,211.04,857,16130,0.342,89.78,857,0.0,165,5.5,True,2.0
260.88,189.96,1098,16130,0.355,100.02,1098,0.0,165,5.5,True,2.0
354.71,156.45,986,16130,0.432,97.27,986,0.0,165,5.5,True,2.0
358.54,42.32,270,16130,0.376,37.41,270,0.0,165,5.5,True,1.0
358.71,54.5,396,16130,0.31,70.49,396,0.0,165,5.5,True,1.0
361.66,213.95,373,16130,0.126,63.01,373,0.0,165,5.5,True,2.0
361.66,213.95,372,16130,0.126,63.02,372,0.0,166,5.533,True,2.0
358.72,54.48,388,16130,0.311,69.74,388,0.0,166,5.533,True,1.0
358.53,42.32,271,16130,0.377,37.39,271,0.0,166,5.533,True,1.0
194.82,212.13,813,16130,0.366,87.38,813,0.0,166,5.533,True,2.0
259.75,190.16,1078,16130,0.346,99.98,1078,0.0,166,5.533,True,2.0
92.89,177.6,763,16130,0.474,76.04,763,0.0,166,5.533,True,2.0
362.59,87.24,534,16130,0.214,67.64,534,0.0,166,5.533,True,1.0
354.14,157.74,1022,16130,0.442,107.13,1022,0.0,166,5.533,True,2.0
361.66,213.95,373,16130,0.126,63.14,373,0.0,167,5.567,True,2.0
362.01,75.11,101,16130,0.302,14.79,101,0.0,167,5.567,False,0.0
362.59,87.23,537,16130,0.211,67.94,537,0.0,167,5.567,True,1.0
358.54,42.32,271,16130,0.376,37.56,271,0.0,167,5.567,True,1.0
358.73,54.47,382,16130,0.31,69.53,382,0.0,167,5.567,True,1.0
257.89,190.99,1135,16130,0.369,101.5,1135,0.0,167,5.567,True,2.0
194.23,213.2,836,16130,0.328,84.72,836,0.0,167,5.567,True,2.0
130.97,185.69,626,16130,0.14,68.74,626,0.0,167,5.567,True,2.0
353.63,158.7,1007,16130,0.376,96.71,1007,0.0,167,5.567,True,2.0
362.59,87.23,537,16130,0.21,67.86,537,0.0,168,5.6,True,1.0
362.01,75.11,101,16130,0.302,14.68,101,0.0,168,5.6,False,0.0
358.74,54.45,374,16130,0.315,69.05,374,0.0,168,5.6,True,1.0
358.54,42.32,271,16130,0.376,37.7,271,0.0,168,5.6,True,1.0
361.66,213.95,373,16130,0.125,63.09,373,0.0,168,5.6,True,2.0
256.01,191.0,1117,16130,0.366,101.19,1117,0.0,168,5.6,True,2.0
193.86,214.2,793,16130,0.371,82.14,793,0.0,168,5.6,True,2.0
165.94,179.8,441,16130,0.198,38.89,441,0.0,168,5.6,True,2.0
353.32,159.69,1001,16130,0.415,96.43,1001,0.0,168,5.6,True,2.0
362.59,87.23,540,16130,0.206,68.01,540,0.0,169,5.633,True,1.0
193.52,214.87,761,16130,0.301,79.28,761,0.0,169,5.633,True,2.0
201.61,168.15,827,16130,0.297,82.5,827,0.0,169,5.633,True,2.0
254.93,191.2,1087,16130,0.318,102.63,1087,0.0,169,5.633,True,2.0
352.93,160.86,1036,16130,0.504,101.82,1036,0.0,169,5.633,True,2.0
358.54,42.32,271,16130,0.373,37.43,271,0.0,169,5.633,True,1.0
358.75,54.44,371,16130,0.316,68.82,371,0.0,169,5.633,True,1.0
361.62,74.72,150,16130,0.234,21.33,150,0.0,169,5.633,False,0.0
361.66,213.95,373,16130,0.126,63.19,373,0.0,169,5.633,True,2.0
361.59,74.76,176,16130,0.229,25.09,176,0.0,170,5.667,False,0.0
358.77,54.46,360,16130,0.334,67.55,360,0.0,170,5.667,True,1.0
361.66,213.95,374,16130,0.126,63.3,374,0.0,170,5.667,True,2.0
362.58,87.24,531,16130,0.203,66.78,531,0.0,170,5.667,True,1.0
358.54,42.32,270,16130,0.282,37.44,270,0.0,170,5.667,True,1.0
253.09,191.92,1035,16130,0.346,98.43,1035,0.0,170,5.667,True,2.0
193.41,215.09,771,16130,0.284,81.45,771,0.0,170,5.667,True,2.0
352.35,161.75,1090,16130,0.425,96.5,1090,0.0,170,5.667,True,2.0
205.28,170.6,668,16130,0.018,73.34,668,0.0,170,5.667,True,2.0
362.57,87.25,525,16130,0.198,66.0,525,0.0,171,5.7,True,1.0
193.22,215.42,749,16130,0.325,83.5,749,0.0,171,5.7,True,2.0
216.77,202.96,503,16130,0.342,58.84,503,0.0,171,5.7,True,2.0
250.4,192.84,879,16130,0.378,85.48,879,0.0,171,5.7,True,2.0
352.18,162.56,1019,16130,0.486,101.39,1019,0.0,171,5.7,True,2.0
358.56,42.28,271,16130,0.283,37.37,271,0.0,171,5.7,True,1.0
358.79,54.49,351,16130,0.351,66.0,351,0.0,171,5.7,True,1.0
361.6,74.84,204,16130,0.207,30.22,204,0.0,171,5.7,True,1.0
361.66,213.95,374,16130,0.125,63.22,374,0.0,171,5.7,True,2.0
362.57,87.26,518,16130,0.198,64.95,518,0.0,172,5.733,True,1.0
361.66,213.95,373,16130,0.127,63.39,373,0.0,172,5.733,True,2.0
361.6,74.87,231,16130,0.208,34.43,231,0.0,172,5.733,True,1.0
358.79,54.49,350,16130,0.352,66.12,350,0.0,172,5.733,True,1.0
229.39,203.28,665,16130,0.125,72.38,665,0.0,172,5.733,True,2.0
351.9,163.8,1079,16130,0.518,97.82,1079,0.0,172,5.733,True,2.0
249.08,193.09,1045,16130,0.349,99.77,1045,0.0,172,5.733,True,2.0
193.22,215.43,748,16130,0.325,83.73,748,0.0,172,5.733,True,2.0
358.55,42.28,271,16130,0.283,37.17,271,0.0,172,5.733,True,1.0
358.79,54.49,351,16130,0.351,66.2,351,0.0,173,5.767,True,1.0
361.66,213.95,374,16130,0.124,63.11,374,0.0,173,5.767,True,2.0
361.6,74.92,257,16130,0.194,39.1,257,0.0,173,5.767,True,1.0
362.57,87.26,514,16130,0.191,64.27,514,0.0,173,5.767,True,1.0
358.56,42.28,270,16130,0.281,37.17,270,0.0,173,5.767,True,1.0
246.27,194.89,1022,16130,0.355,87.88,1022,0.0,173,5.767,True,2.0
193.22,215.43,750,16130,0.324,83.62,750,0.0,173,5.767,True,2.0
351.66,165.53,982,16130,0.462,98.72,982,0.0,173,5.767,True,2.0
193.23,215.45,757,16130,0.316,84.93,757,0.0,174,5.8,True,2.0
247.06,194.04,1126,16130,0.361,104.12,1126,0.0,174,5.8,True,2.0
256.93,188.22,870,16130,0.314,80.85,870,0.0,174,5.8,True,2.0
351.92,166.22,1059,16130,0.441,99.22,1059,0.0,174,5.8,True,2.0
358.55,42.28,271,16130,0.282,37.16,271,0.0,174,5.8,True,1.0
358.79,54.49,351,16130,0.35,66.15,351,0.0,174,5.8,True,1.0
361.32,74.83,322,16130,0.214,45.32,322,0.0,174,5.8,True,1.0
361.66,213.95,373,16130,0.129,63.29,373,0.0,174,5.8,True,2.0
362.57,87.26,513,16130,0.194,64.1,513,0.0,174,5.8,True,1.0
361.66,213.95,373,16130,0.129,63.29,373,0.0,175,5.833,True,2.0
362.34,87.18,532,16130,0.1,61.25,532,0.0,175,5.833,True,1.0
361.47,74.83,275,16130,0.264,37.56,275,0.0,175,5.833,True,1.0
358.79,54.49,351,16130,0.35,66.15,351,0.0,175,5.833,True,1.0
193.24,215.46,757,16130,0.315,84.93,757,0.0,175,5.833,True,2.0
351.91,167.17,1069,16130,0.456,93.09,1069,0.0,175,5.833,True,2.0
274.3,176.24,656,16130,0.337,57.16,656,0.0,175,5.833,True,2.0
247.06,194.04,1126,16130,0.362,103.71,1126,0.0,175,5.833,True,2.0
358.55,42.28,271,16130,0.282,37.16,271,0.0,175,5.833,True,1.0
361.66,213.95,373,16130,0.129,63.29,373,0.0,176,5.867,True,2.0
361.91,87.18,587,16130,0.207,61.65,587,0.0,176,5.867,True,1.0
361.67,75.0,280,16130,0.223,41.65,280,0.0,176,5.867,True,1.0
358.79,54.49,351,16130,0.352,66.15,351,0.0,176,5.867,True,1.0
287.91,153.82,794,16130,0.129,95.54,794,0.0,176,5.867,True,2.0
352.7,168.89,1029,16130,0.456,92.69,1029,0.0,176,5.867,True,2.0
193.22,215.53,716,16130,0.302,84.93,716,0.0,176,5.867,True,2.0
358.55,42.28,271,16130,0.282,37.16,271,0.0,176,5.867,True,1.0
247.06,194.03,1126,16130,0.361,104.12,1126,0.0,176,5.867,True,2.0
193.27,215.88,716,16130,0.323,84.11,716,0.0,177,5.9,True,2.0
247.06,194.04,1126,16130,0.362,103.71,1126,0.0,177,5.9,True,2.0
305.14,156.74,681,16130,0.217,75.54,681,0.0,177,5.9,True,2.0
352.84,169.96,1072,16130,0.43,95.14,1072,0.0,177,5.9,True,2.0
358.55,42.28,271,16130,0.282,37.16,271,0.0,177,5.9,True,1.0
358.79,54.49,351,16130,0.35,66.15,351,0.0,177,5.9,True,1.0
361.67,75.0,280,16130,0.223,41.65,280,0.0,177,5.9,True,1.0
361.91,87.18,587,16130,0.207,61.65,587,0.0,177,5.9,True,1.0
361.66,213.95,373,16130,0.129,63.29,373,0.0,177,5.9,True,2.0
361.66,213.95,373,16130,0.129,63.29,373,0.0,178,5.933,True,2.0
361.75,75.08,266,16130,0.242,40.01,266,0.0,178,5.933,True,1.0
361.37,87.77,529,16130,0.353,57.16,529,0.0,178,5.933,True,1.0
358.81,54.49,345,16130,0.359,65.33,345,0.0,178,5.933,True,1.0
247.06,194.03,1126,16130,0.361,104.12,1126,0.0,178,5.933,True,2.0
353.05,170.72,1056,16130,0.418,90.65,1056,0.0,178,5.933,True,2.0
326.38,173.3,669,16130,0.264,67.78,669,0.0,178,5.933,True,2.0
193.26,216.34,685,16130,0.329,73.9,685,0.0,178,5.933,True,2.0
358.55,42.28,273,16130,0.285,37.56,273,0.0,178,5.933,True,1.0
361.09,88.24,578,16130,0.374,64.1,578,0.0,179,5.967,True,1.0
361.66,213.95,373,16130,0.129,63.29,373,0.0,179,5.967,True,2.0
361.83,75.16,253,16130,0.27,37.97,253,0.0,179,5.967,True,1.0
358.55,42.25,278,16130,0.288,37.97,278,0.0,179,5.967,True,1.0
358.83,54.5,341,16130,0.364,64.92,341,0.0,179,5.967,True,1.0
353.17,171.34,1003,16130,0.44,90.24,1003,0.0,179,5.967,True,2.0
247.06,194.04,1126,16130,0.361,104.12,1126,0.0,179,5.967,True,2.0
193.25,216.94,698,16130,0.319,77.99,698,0.0,179,5.967,True,2.0
353.8,184.71,665,16130,0.405,65.74,665,0.0,179,5.967,True,2.0
361.66,213.95,374,16130,0.125,63.36,374,0.0,180,6.0,True,2.0
361.83,75.16,255,16130,0.261,38.5,255,0.0,180,6.0,True,1.0
358.84,54.51,336,16130,0.37,64.16,336,0.0,180,6.0,True,1.0
358.54,42.24,281,16130,0.289,38.5,281,0.0,180,6.0,True,1.0
361.08,88.24,578,16130,0.373,64.16,578,0.0,180,6.0,True,1.0
353.98,173.18,1022,16130,0.451,89.03,1022,0.0,180,6.0,True,2.0
246.81,194.19,1080,16130,0.337,102.26,1080,0.0,180,6.0,True,2.0
193.1,217.37,636,16130,0.262,76.19,636,0.0,180,6.0,True,2.0
356.32,181.9,802,16130,0.311,82.61,802,0.0,180,6.0,True,2.0
361.66,213.95,373,16130,0.125,63.09,373,0.0,181,6.033,True,2.0
193.01,218.06,652,16130,0.263,84.37,652,0.0,181,6.033,True,2.0
245.23,194.74,1062,16130,0.379,95.19,1062,0.0,181,6.033,True,2.0
354.32,174.01,979,16130,0.425,89.59,979,0.0,181,6.033,True,2.0
358.55,42.19,283,16130,0.396,39.2,283,0.0,181,6.033,True,1.0
358.86,54.51,335,16130,0.376,63.84,335,0.0,181,6.033,True,1.0
361.08,88.24,577,16130,0.374,63.84,577,0.0,181,6.033,True,1.0
361.83,75.17,256,16130,0.256,38.82,256,0.0,181,6.033,True,1.0
361.83,75.17,258,16130,0.255,39.07,258,0.0,182,6.067,True,1.0
361.12,88.24,579,16130,0.371,64.36,579,0.0,182,6.067,True,1.0
361.66,213.95,373,16130,0.127,63.21,373,0.0,182,6.067,True,2.0
358.55,42.19,283,16130,0.397,39.07,283,0.0,182,6.067,True,1.0
244.95,194.84,1089,16130,0.36,97.3,1089,0.0,182,6.067,True,2.0
356.79,178.08,964,16130,0.541,84.66,964,0.0,182,6.067,True,2.0
192.65,218.58,599,16130,0.148,72.4,599,0.0,182,6.067,True,2.0
358.86,54.51,335,16130,0.378,63.97,335,0.0,182,6.067,True,1.0
192.28,218.91,621,16130,0.138,82.71,621,0.0,183,6.1,True,2.0
361.84,75.16,259,16130,0.256,39.52,259,0.0,183,6.1,True,1.0
361.15,88.24,583,16130,0.367,65.19,583,0.0,183,6.1,True,1.0
358.87,54.5,336,16130,0.374,63.97,336,0.0,183,6.1,True,1.0
361.66,213.95,373,16130,0.127,63.16,373,0.0,183,6.1,True,2.0
356.67,178.17,1054,16130,0.417,93.31,1054,0.0,183,6.1,True,2.0
244.15,195.08,1109,16130,0.349,103.9,1109,0.0,183,6.1,True,2.0
358.55,42.19,283,16130,0.397,39.12,283,0.0,183,6.1,True,1.0
191.73,219.54,599,16130,0.192,71.38,599,0.0,184,6.133,True,2.0
356.85,179.09,1154,16130,0.402,100.56,1154,0.0,184,6.133,True,2.0
358.55,42.19,283,16130,0.4,39.44,283,0.0,184,6.133,True,1.0
358.86,54.51,335,16130,0.377,64.28,335,0.0,184,6.133,True,1.0
361.16,88.22,586,16130,0.37,65.07,586,0.0,184,6.133,True,1.0
361.86,75.16,261,16130,0.258,39.83,261,0.0,184,6.133,True,1.0
361.66,213.95,373,16130,0.126,63.1,373,0.0,184,6.133,True,2.0
242.45,195.78,993,16130,0.37,95.83,993,0.0,184,6.133,True,2.0
361.17,88.21,589,16130,0.373,64.69,589,0.0,185,6.167,True,1.0
361.66,213.95,373,16130,0.125,63.06,373,0.0,185,6.167,True,2.0
361.87,75.15,265,16130,0.264,40.13,265,0.0,185,6.167,True,1.0
358.87,54.51,334,16130,0.377,63.87,334,0.0,185,6.167,True,1.0
357.16,179.44,995,16130,0.41,97.45,995,0.0,185,6.167,True,2.0
242.07,196.01,1040,16130,0.316,104.41,1040,0.0,185,6.167,True,2.0
191.44,220.09,604,16130,0.034,80.66,604,0.0,185,6.167,True,2.0
358.55,42.19,283,16130,0.397,39.31,283,0.0,185,6.167,True,1.0
361.74,74.98,229,16130,0.224,34.97,229,0.0,186,6.2,True,1.0
361.17,88.21,590,16130,0.373,64.99,590,0.0,186,6.2,True,1.0
358.86,54.51,327,16130,0.385,62.87,327,0.0,186,6.2,True,1.0
361.66,213.95,374,16130,0.124,63.22,374,0.0,186,6.2,True,2.0
358.04,181.75,1023,16130,0.547,87.59,1023,0.0,186,6.2,True,2.0
240.86,196.07,938,16130,0.357,90.07,938,0.0,186,6.2,True,2.0
190.67,220.25,605,16130,0.08,79.47,605,0.0,186,6.2,True,2.0
358.55,42.18,282,16130,0.392,39.21,282,0.0,186,6.2,True,1.0
189.48,221.24,702,16130,0.102,84.53,702,0.0,187,6.233,True,2.0
238.2,196.9,907,16130,0.399,83.85,907,0.0,187,6.233,True,2.0
358.27,182.6,937,16130,0.468,87.63,937,0.0,187,6.233,True,2.0
358.55,42.18,282,16130,0.391,39.17,282,0.0,187,6.233,True,1.0
358.86,54.51,324,16130,0.391,62.54,324,0.0,187,6.233,True,1.0
361.17,88.21,590,16130,0.374,64.95,590,0.0,187,6.233,True,1.0
361.61,74.81,198,16130,0.187,30.24,198,0.0,187,6.233,True,1.0
361.66,213.95,374,16130,0.125,63.23,374,0.0,187,6.233,True,2.0
358.85,54.51,319,16130,0.393,61.55,319,0.0,188,6.267,True,1.0
361.21,88.18,599,16130,0.363,64.46,599,0.0,188,6.267,True,1.0
360.98,74.39,212,16130,0.172,37.15,212,0.0,188,6.267,True,1.0
361.66,213.95,373,16130,0.125,63.37,373,0.0,188,6.267,True,2.0
358.55,42.17,281,16130,0.386,39.33,281,0.0,188,6.267,True,1.0
237.08,197.39,1030,16130,0.309,92.87,1030,0.0,188,6.267,True,2.0
357.83,179.51,717,16130,0.579,80.85,717,0.0,188,6.267,True,2.0
188.82,221.23,717,16130,0.105,88.5,717,0.0,188,6.267,True,2.0
361.66,213.95,373,16130,0.127,63.18,373,0.0,189,6.3,True,2.0
187.82,221.23,717,16130,0.106,88.45,717,0.0,189,6.3,True,2.0
235.91,197.38,1047,16130,0.303,97.64,1047,0.0,189,6.3,True,2.0
357.86,179.3,683,16130,0.555,83.09,683,0.0,189,6.3,True,2.0
358.54,42.17,283,16130,0.381,39.44,283,0.0,189,6.3,True,1.0
358.85,54.52,315,16130,0.405,61.27,315,0.0,189,6.3,True,1.0
360.58,74.15,261,16130,0.096,47.48,261,0.0,189,6.3,True,1.0
361.26,88.15,609,16130,0.353,63.56,609,0.0,189,6.3,True,1.0
361.28,88.18,594,16130,0.353,63.28,594,0.0,190,6.333,True,1.0
360.65,74.18,216,16130,0.114,41.06,216,0.0,190,6.333,True,1.0
358.85,54.52,316,16130,0.402,61.02,316,0.0,190,6.333,True,1.0
233.43,197.91,984,16130,0.36,96.05,984,0.0,190,6.333,True,2.0
357.86,179.3,696,16130,0.546,83.99,696,0.0,190,6.333,True,2.0
186.94,221.47,680,16130,0.074,80.23,680,0.0,190,6.333,True,2.0
361.66,213.95,373,16130,0.126,63.28,373,0.0,190,6.333,True,2.0
358.54,42.17,283,16130,0.382,39.55,283,0.0,190,6.333,True,1.0
361.66,213.95,373,16130,0.127,63.38,373,0.0,191,6.367,True,2.0
361.31,88.21,582,16130,0.352,62.59,582,0.0,191,6.367,True,1.0
363.31,189.55,412,16130,0.232,48.33,412,0.0,191,6.367,True,2.0
358.85,54.51,314,16130,0.403,61.0,314,0.0,191,6.367,True,1.0
360.74,74.25,176,16130,0.168,35.25,176,0.1,191,6.367,True,1.0
357.87,179.3,709,16130,0.538,84.77,709,0.0,191,6.367,True,2.0
232.84,198.08,1109,16130,0.367,101.01,1109,0.0,191,6.367,True,2.0
186.01,221.73,686,16130,0.118,85.17,686,0.0,191,6.367,True,2.0
358.54,42.16,283,16130,0.38,39.61,283,0.0,191,6.367,True,1.0
363.26,190.0,423,16130,0.31,49.68,423,0.0,192,6.4,True,2.0
361.31,88.21,582,16130,0.351,62.93,582,0.0,192,6.4,True,1.0
360.75,74.25,175,16130,0.164,34.96,175,0.1,192,6.4,True,1.0
358.85,54.52,315,16130,0.405,61.09,315,0.0,192,6.4,True,1.0
361.66,213.95,373,16130,0.126,63.3,373,0.0,192,6.4,True,2.0
357.87,179.31,709,16130,0.54,85.01,709,0.0,192,6.4,True,2.0
231.67,198.24,1035,16130,0.338,93.85,1035,0.0,192,6.4,True,2.0
185.45,221.74,669,16130,0.151,82.44,669,0.0,192,6.4,True,2.0
358.54,42.17,282,16130,0.382,39.38,282,0.0,192,6.4,True,1.0
362.5,190.95,392,16130,0.375,41.99,392,0.0,193,6.433,True,2.0
184.78,221.73,688,16130,0.126,83.99,688,0.0,193,6.433,True,2.0
228.56,198.95,943,16130,0.348,95.61,943,0.0,193,6.433,True,2.0
357.87,179.31,709,16130,0.542,85.11,709,0.0,193,6.433,True,2.0
358.54,42.16,282,16130,0.381,39.37,282,0.0,193,6.433,True,1.0
358.85,54.51,315,16130,0.403,61.12,315,0.0,193,6.433,True,1.0
360.75,74.24,176,16130,0.167,35.25,176,0.1,193,6.433,True,1.0
361.31,88.21,581,16130,0.352,62.62,581,0.0,193,6.433,True,1.0
361.66,213.95,373,16130,0.125,63.37,373,0.0,193,6.433,True,2.0
361.36,88.16,603,16130,0.348,62.94,603,0.0,194,6.467,True,1.0
360.65,74.4,272,16130,0.168,46.54,272,0.0,194,6.467,True,1.0
361.66,213.95,373,16130,0.126,63.32,373,0.0,194,6.467,True,2.0
362.65,192.67,392,16130,0.401,46.92,392,0.0,194,6.467,True,2.0
358.56,42.13,285,16130,0.391,39.29,285,0.0,194,6.467,True,1.0
357.83,179.38,695,16130,0.534,85.06,695,0.0,194,6.467,True,2.0
228.07,199.17,1071,16130,0.369,97.27,1071,0.0,194,6.467,True,2.0
184.01,221.82,665,16130,0.117,83.54,665,0.0,194,6.467,True,2.0
358.83,54.57,312,16130,0.369,59.89,312,0.0,194,6.467,True,1.0
361.66,213.95,374,16130,0.125,63.39,374,0.0,195,6.5,True,2.0
361.36,88.17,603,16130,0.346,62.63,603,0.0,195,6.5,True,1.0
360.65,74.43,269,16130,0.164,46.31,269,0.0,195,6.5,True,1.0
358.84,54.58,313,16130,0.375,60.35,313,0.0,195,6.5,True,1.0
362.56,193.9,393,16130,0.494,42.13,393,0.0,195,6.5,True,2.0
357.8,179.45,687,16130,0.526,85.4,687,0.0,195,6.5,True,2.0
226.15,200.05,1071,16130,0.376,96.79,1071,0.0,195,6.5,True,2.0
183.45,221.82,652,16130,0.142,80.85,652,0.0,195,6.5,True,2.0
358.58,42.09,287,16130,0.405,38.71,287,0.0,195,6.5,True,1.0
361.66,213.95,373,16130,0.125,63.11,373,0.0,196,6.533,True,2.0
362.06,195.79,448,16130,0.45,49.82,448,0.0,196,6.533,True,2.0
361.36,88.17,604,16130,0.348,62.7,604,0.0,196,6.533,True,1.0
360.65,74.43,269,16130,0.162,46.5,269,0.0,196,6.533,True,1.0
358.83,54.58,313,16130,0.373,60.2,313,0.0,196,6.533,True,1.0
357.33,179.93,905,16130,0.385,105.88,905,0.0,196,6.533,True,2.0
224.39,201.03,981,16130,0.368,91.76,981,0.0,196,6.533,True,2.0
183.2,221.63,727,16130,0.105,81.8,727,0.0,196,6.533,True,2.0
358.58,42.09,286,16130,0.41,38.61,286,0.0,196,6.533,True,1.0
361.36,88.17,602,16130,0.347,62.59,602,0.0,197,6.567,True,1.0
361.55,197.03,685,16130,0.359,74.14,685,0.0,197,6.567,True,2.0
361.66,213.94,373,16130,0.126,63.04,373,0.0,197,6.567,True,2.0
358.84,54.58,312,16130,0.377,60.37,312,0.0,197,6.567,True,1.0
223.85,201.19,1018,16130,0.371,96.33,1018,0.0,197,6.567,True,2.0
357.21,180.05,903,16130,0.369,113.2,903,0.0,197,6.567,True,2.0
182.64,221.66,744,16130,0.195,80.79,744,0.0,197,6.567,True,2.0
358.58,42.1,286,16130,0.408,38.62,286,0.0,197,6.567,True,1.0
361.62,214.01,364,16130,0.108,60.44,364,0.0,198,6.6,True,2.0
361.41,88.11,604,16130,0.335,61.37,604,0.0,198,6.6,True,1.0
360.56,74.3,258,16130,0.086,45.91,258,0.0,198,6.6,True,1.0
358.86,54.59,309,16130,0.39,60.91,309,0.0,198,6.6,True,1.0
361.03,197.75,872,16130,0.486,93.7,872,0.0,198,6.6,True,2.0
357.09,179.95,947,16130,0.314,119.47,947,0.0,198,6.6,True,2.0
222.13,202.24,1051,16130,0.347,98.86,1051,0.0,198,6.6,True,2.0
182.26,221.4,750,16130,0.089,89.49,750,0.0,198,6.6,True,2.0
358.51,42.42,267,16130,0.463,38.89,267,0.0,198,6.6,True,1.0
360.86,198.82,950,16130,0.502,91.54,950,0.0,199,6.633,True,2.0
182.4,221.12,729,16130,0.055,86.53,729,0.0,199,6.633,True,2.0
220.44,202.83,921,16130,0.379,89.26,921,0.0,199,6.633,True,2.0
357.01,179.83,940,16130,0.298,116.13,940,0.0,199,6.633,True,2.0
358.51,42.42,268,16130,0.457,38.71,268,0.0,199,6.633,True,1.0
358.86,54.59,310,16130,0.385,60.57,310,0.0,199,6.633,True,1.0
360.62,74.33,231,16130,0.101,42.35,231,0.1,199,6.633,True,1.0
361.41,88.12,603,16130,0.335,61.48,603,0.0,199,6.633,True,1.0
361.62,214.02,364,16130,0.108,60.57,364,0.0,199,6.633,True,2.0
