frame,orig_id,x,y,vial_id,ordered_id,fps
0,id1,648.5,315.5,vial4,22,29.82015002982015
1,id1,648.5,315.5,vial4,22,29.82015002982015
2,id1,648.0,316.5,vial4,22,29.82015002982015
3,id1,647.0,317.0,vial4,22,29.82015002982015
4,id1,646.0,318.0,vial4,22,29.82015002982015
5,id1,645.0,318.5,vial4,22,29.82015002982015
6,id1,644.0,319.0,vial4,22,29.82015002982015
7,id1,643.0,319.5,vial4,22,29.82015002982015
8,id1,642.0,320.0,vial4,22,29.82015002982015
9,id1,643.0,321.0,vial4,22,29.82015002982015
10,id1,643.0,324.0,vial4,22,29.82015002982015
11,id1,643.5,325.5,vial4,22,29.82015002982015
12,id1,644.0,328.0,vial4,22,29.82015002982015
13,id1,644.0,330.5,vial4,22,29.82015002982015
14,id1,644.0,332.5,vial4,22,29.82015002982015
15,id1,644.5,335.0,vial4,22,29.82015002982015
16,id1,645.0,337.0,vial4,22,29.82015002982015
17,id1,645.0,338.5,vial4,22,29.82015002982015
18,id1,646.0,340.0,vial4,22,29.82015002982015
19,id1,646.0,341.5,vial4,22,29.82015002982015
20,id1,646.5,343.5,vial4,22,29.82015002982015
21,id1,647.0,345.5,vial4,22,29.82015002982015
22,id1,647.5,348.5,vial4,22,29.82015002982015
23,id1,648.0,352.0,vial4,22,29.82015002982015
24,id1,648.5,355.5,vial4,22,29.82015002982015
25,id1,649.5,358.5,vial4,22,29.82015002982015
26,id1,651.0,360.5,vial4,22,29.82015002982015
27,id1,652.0,363.0,vial4,22,29.82015002982015
28,id1,653.0,366.0,vial4,22,29.82015002982015
29,id1,654.5,368.0,vial4,22,29.82015002982015
30,id1,655.5,370.5,vial4,22,29.82015002982015
31,id1,657.5,371.5,vial4,22,29.82015002982015
32,id1,659.5,373.0,vial4,22,29.82015002982015
38,id1,660.0,240.0,vial4,22,29.82015002982015
39,id1,658.0,238.5,vial4,22,29.82015002982015
40,id1,656.0,237.0,vial4,22,29.82015002982015
41,id1,654.0,235.5,vial4,22,29.82015002982015
42,id1,652.5,233.5,vial4,22,29.82015002982015
43,id1,651.0,232.0,vial4,22,29.82015002982015
44,id1,649.5,231.0,vial4,22,29.82015002982015
45,id1,648.5,229.5,vial4,22,29.82015002982015
46,id1,646.5,228.5,vial4,22,29.82015002982015
47,id1,645.5,228.0,vial4,22,29.82015002982015
48,id1,645.0,227.0,vial4,22,29.82015002982015
49,id1,644.0,227.0,vial4,22,29.82015002982015
50,id1,643.0,226.5,vial4,22,29.82015002982015
51,id1,643.0,226.0,vial4,22,29.82015002982015
52,id1,643.0,226.0,vial4,22,29.82015002982015
53,id1,643.0,226.0,vial4,22,29.82015002982015
54,id1,644.0,226.0,vial4,22,29.82015002982015
55,id1,644.0,226.0,vial4,22,29.82015002982015
56,id1,645.0,225.0,vial4,22,29.82015002982015
57,id1,646.0,224.5,vial4,22,29.82015002982015
58,id1,647.5,224.0,vial4,22,29.82015002982015
59,id1,649.0,223.5,vial4,22,29.82015002982015
60,id1,651.0,223.0,vial4,22,29.82015002982015
61,id1,653.0,222.0,vial4,22,29.82015002982015
62,id1,655.0,222.0,vial4,22,29.82015002982015
63,id1,658.0,221.0,vial4,22,29.82015002982015
64,id1,660.0,220.0,vial4,22,29.82015002982015
5,id10,657.0,380.0,vial4,20,29.82015002982015
6,id10,655.0,380.0,vial4,20,29.82015002982015
7,id10,654.5,379.5,vial4,20,29.82015002982015
8,id10,653.0,380.0,vial4,20,29.82015002982015
9,id10,653.0,380.0,vial4,20,29.82015002982015
10,id10,651.0,380.0,vial4,20,29.82015002982015
11,id10,650.0,380.0,vial4,20,29.82015002982015
12,id10,650.5,379.5,vial4,20,29.82015002982015
13,id10,650.5,380.0,vial4,20,29.82015002982015
14,id10,650.0,380.0,vial4,20,29.82015002982015
15,id10,642.5,361.0,vial4,20,29.82015002982015
16,id10,647.5,366.5,vial4,20,29.82015002982015
17,id10,644.0,374.5,vial4,20,29.82015002982015
18,id10,642.0,373.0,vial4,20,29.82015002982015
19,id10,642.0,371.0,vial4,20,29.82015002982015
20,id10,642.0,367.5,vial4,20,29.82015002982015
21,id10,642.0,364.5,vial4,20,29.82015002982015
22,id10,642.0,361.5,vial4,20,29.82015002982015
23,id10,643.0,358.0,vial4,20,29.82015002982015
24,id10,642.5,356.0,vial4,20,29.82015002982015
25,id10,642.5,354.0,vial4,20,29.82015002982015
26,id10,643.0,351.5,vial4,20,29.82015002982015
27,id10,644.0,349.0,vial4,20,29.82015002982015
28,id10,645.0,346.5,vial4,20,29.82015002982015
29,id10,645.5,343.5,vial4,20,29.82015002982015
30,id10,647.0,340.5,vial4,20,29.82015002982015
31,id10,648.0,337.5,vial4,20,29.82015002982015
32,id10,649.0,335.0,vial4,20,29.82015002982015
33,id10,650.0,332.5,vial4,20,29.82015002982015
34,id10,651.5,329.5,vial4,20,29.82015002982015
35,id10,652.5,326.5,vial4,20,29.82015002982015
36,id10,653.0,323.0,vial4,20,29.82015002982015
37,id10,654.0,319.5,vial4,20,29.82015002982015
38,id10,655.0,316.5,vial4,20,29.82015002982015
39,id10,656.0,312.5,vial4,20,29.82015002982015
40,id10,657.0,309.0,vial4,20,29.82015002982015
41,id10,658.0,305.5,vial4,20,29.82015002982015
42,id10,659.0,301.5,vial4,20,29.82015002982015
43,id10,660.0,298.5,vial4,20,29.82015002982015
45,id10,660.0,290.5,vial4,20,29.82015002982015
46,id10,660.0,286.5,vial4,20,29.82015002982015
47,id10,659.0,283.5,vial4,20,29.82015002982015
48,id10,659.0,280.5,vial4,20,29.82015002982015
49,id10,657.0,277.5,vial4,20,29.82015002982015
50,id10,654.5,275.0,vial4,20,29.82015002982015
51,id10,652.5,273.0,vial4,20,29.82015002982015
52,id10,651.5,271.0,vial4,20,29.82015002982015
53,id10,650.5,270.0,vial4,20,29.82015002982015
54,id10,649.0,266.5,vial4,20,29.82015002982015
55,id10,649.5,268.0,vial4,20,29.82015002982015
56,id10,649.5,268.0,vial4,20,29.82015002982015
57,id10,649.5,268.0,vial4,20,29.82015002982015
58,id10,649.5,268.0,vial4,20,29.82015002982015
59,id10,649.5,267.5,vial4,20,29.82015002982015
60,id10,650.0,266.5,vial4,20,29.82015002982015
61,id10,650.0,265.0,vial4,20,29.82015002982015
62,id10,650.0,264.0,vial4,20,29.82015002982015
63,id10,650.0,264.0,vial4,20,29.82015002982015
64,id10,651.0,264.5,vial4,20,29.82015002982015
65,id10,650.5,264.0,vial4,20,29.82015002982015
66,id10,651.0,262.5,vial4,20,29.82015002982015
67,id10,651.5,261.0,vial4,20,29.82015002982015
68,id10,652.5,259.0,vial4,20,29.82015002982015
69,id10,653.0,257.5,vial4,20,29.82015002982015
70,id10,654.0,255.0,vial4,20,29.82015002982015
71,id10,655.5,252.5,vial4,20,29.82015002982015
72,id10,657.0,250.0,vial4,20,29.82015002982015
73,id10,659.0,248.5,vial4,20,29.82015002982015
113,id10,585.0,312.5,vial4,20,29.82015002982015
115,id10,585.5,339.5,vial4,20,29.82015002982015
116,id10,582.0,353.5,vial4,20,29.82015002982015
117,id10,583.0,371.0,vial4,20,29.82015002982015
119,id10,582.5,379.0,vial4,20,29.82015002982015
120,id10,582.5,379.0,vial4,20,29.82015002982015
121,id10,582.5,379.0,vial4,20,29.82015002982015
122,id10,582.5,379.0,vial4,20,29.82015002982015
123,id10,582.5,379.0,vial4,20,29.82015002982015
124,id10,582.5,379.0,vial4,20,29.82015002982015
125,id10,582.0,379.0,vial4,20,29.82015002982015
126,id10,582.0,379.5,vial4,20,29.82015002982015
127,id10,582.0,380.0,vial4,20,29.82015002982015
128,id10,582.5,380.0,vial4,20,29.82015002982015
129,id10,582.5,380.0,vial4,20,29.82015002982015
130,id10,582.0,379.5,vial4,20,29.82015002982015
131,id10,582.0,379.5,vial4,20,29.82015002982015
137,id10,582.0,380.0,vial4,20,29.82015002982015
138,id10,582.0,380.0,vial4,20,29.82015002982015
140,id10,582.0,380.0,vial4,20,29.82015002982015
146,id10,582.0,380.0,vial4,20,29.82015002982015
147,id10,582.0,380.0,vial4,20,29.82015002982015
148,id10,582.0,380.0,vial4,20,29.82015002982015
149,id10,582.0,380.0,vial4,20,29.82015002982015
150,id10,582.0,380.0,vial4,20,29.82015002982015
151,id10,582.5,380.0,vial4,20,29.82015002982015
152,id10,582.5,380.0,vial4,20,29.82015002982015
153,id10,582.0,380.0,vial4,20,29.82015002982015
154,id10,582.0,380.0,vial4,20,29.82015002982015
155,id10,582.0,380.0,vial4,20,29.82015002982015
156,id10,582.0,380.0,vial4,20,29.82015002982015
157,id10,582.0,325.5,vial4,20,29.82015002982015
158,id10,582.5,325.0,vial4,20,29.82015002982015
159,id10,583.5,324.0,vial4,20,29.82015002982015
160,id10,583.5,323.0,vial4,20,29.82015002982015
161,id10,584.5,322.0,vial4,20,29.82015002982015
162,id10,584.5,321.0,vial4,20,29.82015002982015
163,id10,585.0,321.0,vial4,20,29.82015002982015
164,id10,585.5,320.0,vial4,20,29.82015002982015
165,id10,586.0,319.5,vial4,20,29.82015002982015
166,id10,586.0,318.5,vial4,20,29.82015002982015
167,id10,586.0,317.0,vial4,20,29.82015002982015
168,id10,586.0,316.0,vial4,20,29.82015002982015
169,id10,586.0,315.5,vial4,20,29.82015002982015
170,id10,586.0,315.5,vial4,20,29.82015002982015
171,id10,586.0,315.5,vial4,20,29.82015002982015
172,id10,586.0,315.5,vial4,20,29.82015002982015
173,id10,586.0,315.5,vial4,20,29.82015002982015
174,id10,586.0,315.5,vial4,20,29.82015002982015
175,id10,586.0,315.5,vial4,20,29.82015002982015
176,id10,586.0,315.5,vial4,20,29.82015002982015
177,id10,586.0,316.0,vial4,20,29.82015002982015
178,id10,586.0,316.5,vial4,20,29.82015002982015
179,id10,585.0,317.0,vial4,20,29.82015002982015
180,id10,584.0,318.0,vial4,20,29.82015002982015
181,id10,584.0,319.0,vial4,20,29.82015002982015
182,id10,583.5,319.0,vial4,20,29.82015002982015
183,id10,582.5,319.5,vial4,20,29.82015002982015
229,id10,582.5,257.5,vial4,20,29.82015002982015
230,id10,583.0,256.5,vial4,20,29.82015002982015
231,id10,583.5,255.5,vial4,20,29.82015002982015
232,id10,584.5,255.0,vial4,20,29.82015002982015
233,id10,585.5,254.0,vial4,20,29.82015002982015
234,id10,585.5,253.0,vial4,20,29.82015002982015
235,id10,586.5,252.0,vial4,20,29.82015002982015
236,id10,586.5,251.0,vial4,20,29.82015002982015
237,id10,586.5,250.0,vial4,20,29.82015002982015
238,id10,586.5,249.0,vial4,20,29.82015002982015
239,id10,586.5,248.0,vial4,20,29.82015002982015
240,id10,586.5,248.0,vial4,20,29.82015002982015
241,id10,586.0,247.0,vial4,20,29.82015002982015
242,id10,586.0,247.0,vial4,20,29.82015002982015
243,id10,585.5,247.0,vial4,20,29.82015002982015
244,id10,585.5,247.0,vial4,20,29.82015002982015
245,id10,585.5,247.0,vial4,20,29.82015002982015
246,id10,585.5,247.0,vial4,20,29.82015002982015
247,id10,585.5,247.0,vial4,20,29.82015002982015
248,id10,585.5,247.0,vial4,20,29.82015002982015
249,id10,585.5,247.0,vial4,20,29.82015002982015
250,id10,585.5,247.0,vial4,20,29.82015002982015
251,id10,585.5,246.0,vial4,20,29.82015002982015
252,id10,585.5,246.0,vial4,20,29.82015002982015
253,id10,585.5,246.0,vial4,20,29.82015002982015
254,id10,585.5,246.0,vial4,20,29.82015002982015
255,id10,585.0,246.0,vial4,20,29.82015002982015
256,id10,585.5,246.0,vial4,20,29.82015002982015
257,id10,585.5,246.0,vial4,20,29.82015002982015
258,id10,585.5,246.0,vial4,20,29.82015002982015
15,id11,528.5,381.0,vial3,15,29.82015002982015
25,id11,526.5,380.0,vial3,15,29.82015002982015
26,id11,527.5,380.0,vial3,15,29.82015002982015
27,id11,528.0,379.5,vial3,15,29.82015002982015
28,id11,528.5,379.5,vial3,15,29.82015002982015
29,id11,528.5,379.5,vial3,15,29.82015002982015
30,id11,529.5,379.5,vial3,15,29.82015002982015
35,id11,519.0,381.0,vial3,15,29.82015002982015
36,id11,519.0,380.0,vial3,15,29.82015002982015
37,id11,519.0,380.0,vial3,15,29.82015002982015
38,id11,519.0,380.0,vial3,15,29.82015002982015
39,id11,519.0,380.0,vial3,15,29.82015002982015
40,id11,518.5,380.5,vial3,15,29.82015002982015
41,id11,518.5,380.5,vial3,15,29.82015002982015
42,id11,518.5,380.5,vial3,15,29.82015002982015
43,id11,519.0,381.0,vial3,15,29.82015002982015
44,id11,519.0,380.5,vial3,15,29.82015002982015
45,id11,519.0,379.0,vial3,15,29.82015002982015
46,id11,518.5,379.5,vial3,15,29.82015002982015
47,id11,518.0,379.0,vial3,15,29.82015002982015
48,id11,518.5,378.0,vial3,15,29.82015002982015
49,id11,518.0,376.0,vial3,15,29.82015002982015
50,id11,518.0,374.5,vial3,15,29.82015002982015
51,id11,518.0,373.0,vial3,15,29.82015002982015
52,id11,518.0,371.5,vial3,15,29.82015002982015
53,id11,518.0,370.5,vial3,15,29.82015002982015
54,id11,518.0,368.5,vial3,15,29.82015002982015
55,id11,519.0,367.5,vial3,15,29.82015002982015
56,id11,518.5,365.5,vial3,15,29.82015002982015
57,id11,520.5,364.5,vial3,15,29.82015002982015
58,id11,520.5,364.0,vial3,15,29.82015002982015
59,id11,522.0,363.5,vial3,15,29.82015002982015
60,id11,523.5,363.0,vial3,15,29.82015002982015
61,id11,525.0,363.0,vial3,15,29.82015002982015
62,id11,526.0,363.5,vial3,15,29.82015002982015
63,id11,527.0,363.5,vial3,15,29.82015002982015
64,id11,529.0,363.0,vial3,15,29.82015002982015
65,id11,528.5,363.5,vial3,15,29.82015002982015
66,id11,528.5,363.5,vial3,15,29.82015002982015
67,id11,529.0,363.5,vial3,15,29.82015002982015
68,id11,529.0,363.5,vial3,15,29.82015002982015
69,id11,529.5,363.5,vial3,15,29.82015002982015
70,id11,530.0,363.5,vial3,15,29.82015002982015
74,id11,517.0,285.5,vial3,15,29.82015002982015
75,id11,517.0,284.5,vial3,15,29.82015002982015
76,id11,517.0,284.0,vial3,15,29.82015002982015
77,id11,516.5,283.5,vial3,15,29.82015002982015
78,id11,517.0,283.5,vial3,15,29.82015002982015
79,id11,516.5,283.5,vial3,15,29.82015002982015
80,id11,516.5,284.0,vial3,15,29.82015002982015
81,id11,516.5,283.5,vial3,15,29.82015002982015
82,id11,517.0,283.5,vial3,15,29.82015002982015
83,id11,517.0,283.5,vial3,15,29.82015002982015
84,id11,517.0,283.5,vial3,15,29.82015002982015
85,id11,516.5,283.5,vial3,15,29.82015002982015
86,id11,516.5,283.5,vial3,15,29.82015002982015
87,id11,517.0,283.5,vial3,15,29.82015002982015
88,id11,517.0,283.0,vial3,15,29.82015002982015
126,id11,529.0,208.5,vial3,15,29.82015002982015
127,id11,527.5,206.5,vial3,15,29.82015002982015
128,id11,526.5,204.5,vial3,15,29.82015002982015
129,id11,525.0,203.0,vial3,15,29.82015002982015
130,id11,523.5,201.5,vial3,15,29.82015002982015
131,id11,522.0,199.5,vial3,15,29.82015002982015
132,id11,521.0,198.0,vial3,15,29.82015002982015
133,id11,519.5,196.5,vial3,15,29.82015002982015
134,id11,518.5,195.0,vial3,15,29.82015002982015
135,id11,518.0,193.0,vial3,15,29.82015002982015
136,id11,517.5,193.0,vial3,15,29.82015002982015
137,id11,516.5,192.0,vial3,15,29.82015002982015
143,id11,518.0,192.5,vial3,15,29.82015002982015
144,id11,518.0,193.5,vial3,15,29.82015002982015
145,id11,518.0,194.0,vial3,15,29.82015002982015
146,id11,518.5,194.0,vial3,15,29.82015002982015
147,id11,519.0,195.0,vial3,15,29.82015002982015
148,id11,520.0,196.0,vial3,15,29.82015002982015
149,id11,521.0,196.0,vial3,15,29.82015002982015
150,id11,522.5,197.5,vial3,15,29.82015002982015
151,id11,523.0,198.0,vial3,15,29.82015002982015
152,id11,524.5,198.5,vial3,15,29.82015002982015
153,id11,525.5,199.0,vial3,15,29.82015002982015
154,id11,527.0,199.0,vial3,15,29.82015002982015
155,id11,528.5,199.0,vial3,15,29.82015002982015
156,id11,530.0,199.0,vial3,15,29.82015002982015
231,id11,530.0,199.5,vial3,15,29.82015002982015
232,id11,528.0,198.5,vial3,15,29.82015002982015
233,id11,526.0,198.0,vial3,15,29.82015002982015
234,id11,524.0,197.5,vial3,15,29.82015002982015
235,id11,522.5,197.5,vial3,15,29.82015002982015
236,id11,521.0,197.5,vial3,15,29.82015002982015
237,id11,519.5,197.5,vial3,15,29.82015002982015
238,id11,518.5,197.5,vial3,15,29.82015002982015
239,id11,518.0,197.5,vial3,15,29.82015002982015
240,id11,517.5,197.0,vial3,15,29.82015002982015
241,id11,516.5,197.0,vial3,15,29.82015002982015
242,id11,516.5,197.0,vial3,15,29.82015002982015
243,id11,516.5,197.0,vial3,15,29.82015002982015
244,id11,516.5,196.5,vial3,15,29.82015002982015
245,id11,516.5,196.0,vial3,15,29.82015002982015
246,id11,517.5,196.0,vial3,15,29.82015002982015
247,id11,517.5,196.0,vial3,15,29.82015002982015
248,id11,517.5,196.0,vial3,15,29.82015002982015
249,id11,517.5,195.5,vial3,15,29.82015002982015
250,id11,518.5,195.0,vial3,15,29.82015002982015
251,id11,519.0,194.0,vial3,15,29.82015002982015
252,id11,520.0,194.0,vial3,15,29.82015002982015
253,id11,521.0,194.0,vial3,15,29.82015002982015
254,id11,523.0,193.0,vial3,15,29.82015002982015
255,id11,524.5,193.0,vial3,15,29.82015002982015
256,id11,525.5,192.5,vial3,15,29.82015002982015
257,id11,527.5,192.0,vial3,15,29.82015002982015
258,id11,528.0,192.0,vial3,15,29.82015002982015
259,id11,529.0,192.0,vial3,15,29.82015002982015
12,id12,199.5,354.5,vial1,2,29.82015002982015
13,id12,199.5,352.5,vial1,2,29.82015002982015
14,id12,199.5,350.5,vial1,2,29.82015002982015
15,id12,200.0,349.5,vial1,2,29.82015002982015
16,id12,200.0,348.0,vial1,2,29.82015002982015
17,id12,200.0,347.0,vial1,2,29.82015002982015
18,id12,199.0,346.0,vial1,2,29.82015002982015
19,id12,199.0,345.0,vial1,2,29.82015002982015
32,id12,277.0,295.5,vial1,2,29.82015002982015
33,id12,274.5,293.5,vial1,2,29.82015002982015
34,id12,273.0,292.5,vial1,2,29.82015002982015
35,id12,271.0,290.5,vial1,2,29.82015002982015
36,id12,269.0,288.5,vial1,2,29.82015002982015
37,id12,267.0,288.0,vial1,2,29.82015002982015
38,id12,265.5,287.5,vial1,2,29.82015002982015
39,id12,264.5,288.5,vial1,2,29.82015002982015
40,id12,263.5,289.0,vial1,2,29.82015002982015
41,id12,262.5,289.0,vial1,2,29.82015002982015
42,id12,262.0,288.0,vial1,2,29.82015002982015
43,id12,262.0,286.5,vial1,2,29.82015002982015
44,id12,262.0,283.5,vial1,2,29.82015002982015
45,id12,262.0,281.0,vial1,2,29.82015002982015
46,id12,261.5,278.0,vial1,2,29.82015002982015
47,id12,261.0,275.0,vial1,2,29.82015002982015
48,id12,261.5,271.5,vial1,2,29.82015002982015
49,id12,262.0,268.5,vial1,2,29.82015002982015
50,id12,262.0,265.5,vial1,2,29.82015002982015
51,id12,263.0,262.0,vial1,2,29.82015002982015
52,id12,264.0,258.5,vial1,2,29.82015002982015
53,id12,264.0,255.5,vial1,2,29.82015002982015
54,id12,264.5,252.5,vial1,2,29.82015002982015
55,id12,265.5,249.0,vial1,2,29.82015002982015
56,id12,266.0,246.0,vial1,2,29.82015002982015
57,id12,267.0,243.0,vial1,2,29.82015002982015
58,id12,268.0,240.5,vial1,2,29.82015002982015
59,id12,269.0,238.0,vial1,2,29.82015002982015
60,id12,271.0,236.0,vial1,2,29.82015002982015
61,id12,273.0,235.5,vial1,2,29.82015002982015
62,id12,275.0,233.5,vial1,2,29.82015002982015
63,id12,276.0,231.5,vial1,2,29.82015002982015
34,id13,273.0,378.5,vial1,1,29.82015002982015
35,id13,270.0,379.5,vial1,1,29.82015002982015
36,id13,267.0,378.0,vial1,1,29.82015002982015
37,id13,263.0,378.5,vial1,1,29.82015002982015
38,id13,261.0,379.0,vial1,1,29.82015002982015
39,id13,261.5,379.0,vial1,1,29.82015002982015
40,id13,262.0,379.0,vial1,1,29.82015002982015
41,id13,262.5,380.0,vial1,1,29.82015002982015
42,id13,263.5,379.5,vial1,1,29.82015002982015
43,id13,264.5,379.5,vial1,1,29.82015002982015
44,id13,264.5,379.5,vial1,1,29.82015002982015
45,id13,265.0,378.5,vial1,1,29.82015002982015
46,id13,264.5,378.0,vial1,1,29.82015002982015
47,id13,265.0,376.0,vial1,1,29.82015002982015
48,id13,265.0,373.5,vial1,1,29.82015002982015
49,id13,266.0,370.5,vial1,1,29.82015002982015
50,id13,266.0,368.0,vial1,1,29.82015002982015
51,id13,267.5,365.5,vial1,1,29.82015002982015
52,id13,268.0,362.5,vial1,1,29.82015002982015
53,id13,269.0,359.0,vial1,1,29.82015002982015
54,id13,269.0,356.0,vial1,1,29.82015002982015
55,id13,269.0,352.5,vial1,1,29.82015002982015
56,id13,270.0,349.0,vial1,1,29.82015002982015
57,id13,270.0,345.5,vial1,1,29.82015002982015
58,id13,269.5,342.0,vial1,1,29.82015002982015
59,id13,269.0,339.5,vial1,1,29.82015002982015
60,id13,267.5,337.5,vial1,1,29.82015002982015
61,id13,266.5,335.0,vial1,1,29.82015002982015
62,id13,266.0,333.0,vial1,1,29.82015002982015
63,id13,265.5,330.5,vial1,1,29.82015002982015
64,id13,264.5,328.5,vial1,1,29.82015002982015
65,id13,264.0,326.0,vial1,1,29.82015002982015
66,id13,263.5,324.0,vial1,1,29.82015002982015
67,id13,263.5,321.5,vial1,1,29.82015002982015
68,id13,263.0,319.5,vial1,1,29.82015002982015
69,id13,262.5,317.5,vial1,1,29.82015002982015
70,id13,262.0,315.0,vial1,1,29.82015002982015
71,id13,262.0,311.5,vial1,1,29.82015002982015
72,id13,262.0,308.5,vial1,1,29.82015002982015
73,id13,262.0,306.5,vial1,1,29.82015002982015
74,id13,261.5,303.5,vial1,1,29.82015002982015
75,id13,261.0,300.5,vial1,1,29.82015002982015
76,id13,261.0,298.5,vial1,1,29.82015002982015
77,id13,261.0,296.0,vial1,1,29.82015002982015
78,id13,260.0,294.0,vial1,1,29.82015002982015
79,id13,260.0,291.5,vial1,1,29.82015002982015
80,id13,260.0,289.5,vial1,1,29.82015002982015
81,id13,260.0,287.0,vial1,1,29.82015002982015
82,id13,260.0,284.5,vial1,1,29.82015002982015
83,id13,260.5,281.5,vial1,1,29.82015002982015
84,id13,260.0,279.5,vial1,1,29.82015002982015
85,id13,260.0,277.5,vial1,1,29.82015002982015
86,id13,261.0,275.0,vial1,1,29.82015002982015
87,id13,261.0,272.5,vial1,1,29.82015002982015
88,id13,260.0,271.5,vial1,1,29.82015002982015
89,id13,260.0,269.0,vial1,1,29.82015002982015
90,id13,259.5,266.5,vial1,1,29.82015002982015
91,id13,260.5,265.5,vial1,1,29.82015002982015
92,id13,261.0,263.5,vial1,1,29.82015002982015
93,id13,262.0,261.5,vial1,1,29.82015002982015
94,id13,263.0,259.5,vial1,1,29.82015002982015
95,id13,263.5,257.5,vial1,1,29.82015002982015
96,id13,264.5,255.0,vial1,1,29.82015002982015
97,id13,266.5,253.0,vial1,1,29.82015002982015
98,id13,268.5,250.5,vial1,1,29.82015002982015
99,id13,270.5,249.0,vial1,1,29.82015002982015
100,id13,272.0,247.5,vial1,1,29.82015002982015
101,id13,274.0,245.5,vial1,1,29.82015002982015
102,id13,276.5,244.0,vial1,1,29.82015002982015
42,id14,277.0,377.5,vial1,5,29.82015002982015
44,id15,275.5,378.5,vial1,4,29.82015002982015
45,id15,275.0,379.0,vial1,4,29.82015002982015
46,id15,276.0,378.5,vial1,4,29.82015002982015
47,id15,276.0,378.5,vial1,4,29.82015002982015
48,id15,276.5,379.5,vial1,4,29.82015002982015
49,id15,275.5,379.5,vial1,4,29.82015002982015
50,id15,273.5,379.5,vial1,4,29.82015002982015
51,id15,271.0,379.5,vial1,4,29.82015002982015
52,id15,269.0,379.5,vial1,4,29.82015002982015
53,id15,267.5,379.0,vial1,4,29.82015002982015
54,id15,265.5,379.0,vial1,4,29.82015002982015
55,id15,265.5,378.5,vial1,4,29.82015002982015
56,id15,265.5,378.5,vial1,4,29.82015002982015
57,id15,265.5,379.0,vial1,4,29.82015002982015
58,id15,265.5,378.5,vial1,4,29.82015002982015
59,id15,266.0,378.0,vial1,4,29.82015002982015
60,id15,266.5,378.0,vial1,4,29.82015002982015
61,id15,267.0,378.0,vial1,4,29.82015002982015
62,id15,266.0,377.5,vial1,4,29.82015002982015
63,id15,266.0,378.0,vial1,4,29.82015002982015
64,id15,265.5,378.0,vial1,4,29.82015002982015
65,id15,265.0,378.0,vial1,4,29.82015002982015
66,id15,264.0,378.5,vial1,4,29.82015002982015
67,id15,263.0,378.5,vial1,4,29.82015002982015
68,id15,261.5,379.0,vial1,4,29.82015002982015
69,id15,261.5,379.0,vial1,4,29.82015002982015
70,id15,262.0,379.0,vial1,4,29.82015002982015
71,id15,262.0,379.5,vial1,4,29.82015002982015
72,id15,262.0,379.0,vial1,4,29.82015002982015
73,id15,263.0,378.0,vial1,4,29.82015002982015
74,id15,263.5,377.0,vial1,4,29.82015002982015
75,id15,263.0,376.5,vial1,4,29.82015002982015
76,id15,263.0,376.0,vial1,4,29.82015002982015
77,id15,263.0,373.0,vial1,4,29.82015002982015
78,id15,263.5,370.5,vial1,4,29.82015002982015
79,id15,264.0,369.0,vial1,4,29.82015002982015
80,id15,264.5,366.0,vial1,4,29.82015002982015
81,id15,265.0,364.0,vial1,4,29.82015002982015
82,id15,266.0,361.5,vial1,4,29.82015002982015
83,id15,266.5,359.0,vial1,4,29.82015002982015
84,id15,267.5,357.0,vial1,4,29.82015002982015
85,id15,268.5,354.5,vial1,4,29.82015002982015
86,id15,269.5,352.5,vial1,4,29.82015002982015
87,id15,270.5,350.0,vial1,4,29.82015002982015
88,id15,271.0,349.0,vial1,4,29.82015002982015
89,id15,272.0,347.0,vial1,4,29.82015002982015
90,id15,272.5,345.5,vial1,4,29.82015002982015
91,id15,273.5,343.5,vial1,4,29.82015002982015
92,id15,274.5,341.0,vial1,4,29.82015002982015
93,id15,276.5,339.0,vial1,4,29.82015002982015
115,id15,277.0,323.0,vial1,4,29.82015002982015
116,id15,276.0,323.0,vial1,4,29.82015002982015
117,id15,275.0,323.5,vial1,4,29.82015002982015
118,id15,274.0,323.0,vial1,4,29.82015002982015
119,id15,273.0,323.0,vial1,4,29.82015002982015
120,id15,272.0,322.5,vial1,4,29.82015002982015
121,id15,271.0,322.5,vial1,4,29.82015002982015
122,id15,269.5,321.5,vial1,4,29.82015002982015
123,id15,269.0,320.5,vial1,4,29.82015002982015
124,id15,268.0,319.5,vial1,4,29.82015002982015
125,id15,267.0,319.5,vial1,4,29.82015002982015
126,id15,265.5,318.5,vial1,4,29.82015002982015
127,id15,264.5,317.5,vial1,4,29.82015002982015
128,id15,263.5,316.5,vial1,4,29.82015002982015
129,id15,262.5,315.5,vial1,4,29.82015002982015
130,id15,262.5,315.0,vial1,4,29.82015002982015
131,id15,261.5,313.5,vial1,4,29.82015002982015
132,id15,261.0,312.5,vial1,4,29.82015002982015
133,id15,260.5,311.5,vial1,4,29.82015002982015
134,id15,260.0,310.0,vial1,4,29.82015002982015
135,id15,260.0,308.5,vial1,4,29.82015002982015
136,id15,260.0,307.0,vial1,4,29.82015002982015
137,id15,260.0,305.0,vial1,4,29.82015002982015
138,id15,260.0,304.0,vial1,4,29.82015002982015
139,id15,260.0,302.0,vial1,4,29.82015002982015
140,id15,260.0,300.0,vial1,4,29.82015002982015
141,id15,260.0,299.0,vial1,4,29.82015002982015
142,id15,260.0,297.0,vial1,4,29.82015002982015
143,id15,260.5,296.0,vial1,4,29.82015002982015
144,id15,261.0,294.0,vial1,4,29.82015002982015
145,id15,261.0,291.5,vial1,4,29.82015002982015
146,id15,261.5,290.0,vial1,4,29.82015002982015
147,id15,262.0,288.0,vial1,4,29.82015002982015
148,id15,262.5,285.5,vial1,4,29.82015002982015
149,id15,263.0,284.0,vial1,4,29.82015002982015
150,id15,263.0,282.0,vial1,4,29.82015002982015
151,id15,263.5,279.5,vial1,4,29.82015002982015
152,id15,264.0,278.0,vial1,4,29.82015002982015
153,id15,265.0,275.5,vial1,4,29.82015002982015
154,id15,265.0,273.5,vial1,4,29.82015002982015
155,id15,265.5,271.5,vial1,4,29.82015002982015
156,id15,266.0,269.0,vial1,4,29.82015002982015
157,id15,266.0,267.5,vial1,4,29.82015002982015
158,id15,267.0,265.0,vial1,4,29.82015002982015
159,id15,267.0,263.0,vial1,4,29.82015002982015
160,id15,267.5,261.0,vial1,4,29.82015002982015
161,id15,267.5,258.5,vial1,4,29.82015002982015
162,id15,268.0,256.5,vial1,4,29.82015002982015
163,id15,269.0,254.5,vial1,4,29.82015002982015
164,id15,270.0,252.0,vial1,4,29.82015002982015
165,id15,270.0,250.0,vial1,4,29.82015002982015
166,id15,270.5,248.0,vial1,4,29.82015002982015
167,id15,271.0,245.5,vial1,4,29.82015002982015
168,id15,271.0,243.5,vial1,4,29.82015002982015
169,id15,271.0,241.0,vial1,4,29.82015002982015
170,id15,271.0,239.0,vial1,4,29.82015002982015
171,id15,271.0,236.5,vial1,4,29.82015002982015
172,id15,271.0,234.0,vial1,4,29.82015002982015
173,id15,272.0,231.5,vial1,4,29.82015002982015
174,id15,272.0,228.5,vial1,4,29.82015002982015
175,id15,272.0,225.5,vial1,4,29.82015002982015
176,id15,272.0,223.0,vial1,4,29.82015002982015
177,id15,273.0,220.5,vial1,4,29.82015002982015
178,id15,273.5,218.0,vial1,4,29.82015002982015
179,id15,273.5,215.0,vial1,4,29.82015002982015
180,id15,274.0,212.5,vial1,4,29.82015002982015
181,id15,274.5,209.5,vial1,4,29.82015002982015
182,id15,275.0,206.5,vial1,4,29.82015002982015
183,id15,275.5,203.5,vial1,4,29.82015002982015
184,id15,276.0,200.5,vial1,4,29.82015002982015
185,id15,277.0,197.5,vial1,4,29.82015002982015
186,id15,277.0,194.5,vial1,4,29.82015002982015
207,id15,199.0,195.5,vial1,4,29.82015002982015
208,id15,200.0,195.0,vial1,4,29.82015002982015
209,id15,200.0,195.0,vial1,4,29.82015002982015
210,id15,200.0,195.0,vial1,4,29.82015002982015
211,id15,200.0,195.0,vial1,4,29.82015002982015
212,id15,199.5,195.0,vial1,4,29.82015002982015
290,id15,199.5,193.5,vial1,4,29.82015002982015
291,id15,199.5,195.5,vial1,4,29.82015002982015
292,id15,200.0,198.0,vial1,4,29.82015002982015
293,id15,200.5,200.5,vial1,4,29.82015002982015
294,id15,200.5,202.5,vial1,4,29.82015002982015
295,id15,200.0,204.5,vial1,4,29.82015002982015
296,id15,199.5,206.5,vial1,4,29.82015002982015
48,id16,712.5,249.5,vial5,24,29.82015002982015
49,id16,712.0,247.0,vial5,24,29.82015002982015
50,id16,712.0,244.5,vial5,24,29.82015002982015
60,id17,273.5,247.0,vial1,3,29.82015002982015
61,id17,272.0,247.0,vial1,3,29.82015002982015
62,id17,270.5,247.0,vial1,3,29.82015002982015
63,id17,269.0,247.0,vial1,3,29.82015002982015
64,id17,268.0,248.0,vial1,3,29.82015002982015
65,id17,267.0,248.0,vial1,3,29.82015002982015
66,id17,265.5,249.0,vial1,3,29.82015002982015
67,id17,264.5,249.5,vial1,3,29.82015002982015
68,id17,263.0,250.0,vial1,3,29.82015002982015
69,id17,262.0,250.5,vial1,3,29.82015002982015
70,id17,261.5,251.0,vial1,3,29.82015002982015
71,id17,260.5,252.0,vial1,3,29.82015002982015
72,id17,260.5,252.0,vial1,3,29.82015002982015
73,id17,260.0,253.0,vial1,3,29.82015002982015
74,id17,260.0,254.0,vial1,3,29.82015002982015
75,id17,260.0,254.0,vial1,3,29.82015002982015
76,id17,260.0,255.5,vial1,3,29.82015002982015
77,id17,259.5,257.5,vial1,3,29.82015002982015
78,id17,259.5,258.5,vial1,3,29.82015002982015
79,id17,260.0,260.0,vial1,3,29.82015002982015
80,id17,260.0,261.5,vial1,3,29.82015002982015
81,id17,260.0,262.5,vial1,3,29.82015002982015
82,id17,261.0,263.5,vial1,3,29.82015002982015
83,id17,261.0,264.5,vial1,3,29.82015002982015
84,id17,262.0,265.5,vial1,3,29.82015002982015
85,id17,263.0,265.5,vial1,3,29.82015002982015
86,id17,263.5,267.0,vial1,3,29.82015002982015
87,id17,264.5,267.5,vial1,3,29.82015002982015
88,id17,265.5,268.5,vial1,3,29.82015002982015
89,id17,264.0,268.5,vial1,3,29.82015002982015
90,id17,266.0,268.5,vial1,3,29.82015002982015
91,id17,266.5,268.5,vial1,3,29.82015002982015
92,id17,267.5,269.5,vial1,3,29.82015002982015
93,id17,268.5,270.0,vial1,3,29.82015002982015
94,id17,270.0,271.0,vial1,3,29.82015002982015
95,id17,271.5,272.0,vial1,3,29.82015002982015
96,id17,272.5,272.0,vial1,3,29.82015002982015
97,id17,273.5,272.0,vial1,3,29.82015002982015
98,id17,274.5,273.5,vial1,3,29.82015002982015
99,id17,276.0,274.5,vial1,3,29.82015002982015
100,id17,277.0,276.0,vial1,3,29.82015002982015
250,id17,275.5,377.5,vial1,3,29.82015002982015
251,id17,273.5,377.0,vial1,3,29.82015002982015
252,id17,271.5,376.5,vial1,3,29.82015002982015
253,id17,269.5,376.5,vial1,3,29.82015002982015
254,id17,268.5,376.5,vial1,3,29.82015002982015
255,id17,266.5,376.5,vial1,3,29.82015002982015
256,id17,265.5,376.0,vial1,3,29.82015002982015
257,id17,265.0,376.0,vial1,3,29.82015002982015
258,id17,264.5,376.0,vial1,3,29.82015002982015
259,id17,264.0,376.5,vial1,3,29.82015002982015
260,id17,263.5,377.0,vial1,3,29.82015002982015
261,id17,263.5,378.5,vial1,3,29.82015002982015
262,id17,263.0,378.5,vial1,3,29.82015002982015
263,id17,262.5,379.0,vial1,3,29.82015002982015
264,id17,261.5,379.0,vial1,3,29.82015002982015
265,id17,261.5,378.5,vial1,3,29.82015002982015
266,id17,260.5,378.0,vial1,3,29.82015002982015
267,id17,260.5,377.0,vial1,3,29.82015002982015
268,id17,260.5,376.5,vial1,3,29.82015002982015
269,id17,260.0,375.5,vial1,3,29.82015002982015
270,id17,259.5,374.0,vial1,3,29.82015002982015
271,id17,259.5,374.0,vial1,3,29.82015002982015
272,id17,259.5,373.5,vial1,3,29.82015002982015
273,id17,259.5,372.5,vial1,3,29.82015002982015
274,id17,260.5,372.5,vial1,3,29.82015002982015
275,id17,260.5,371.5,vial1,3,29.82015002982015
276,id17,260.5,370.5,vial1,3,29.82015002982015
277,id17,261.5,369.5,vial1,3,29.82015002982015
278,id17,261.5,369.0,vial1,3,29.82015002982015
279,id17,262.5,368.5,vial1,3,29.82015002982015
280,id17,263.0,368.0,vial1,3,29.82015002982015
281,id17,264.0,367.5,vial1,3,29.82015002982015
282,id17,265.0,367.0,vial1,3,29.82015002982015
283,id17,266.0,366.5,vial1,3,29.82015002982015
284,id17,266.5,366.5,vial1,3,29.82015002982015
285,id17,267.0,366.5,vial1,3,29.82015002982015
286,id17,268.0,367.0,vial1,3,29.82015002982015
287,id17,269.5,368.0,vial1,3,29.82015002982015
288,id17,271.0,369.0,vial1,3,29.82015002982015
289,id17,272.5,370.0,vial1,3,29.82015002982015
290,id17,274.0,370.0,vial1,3,29.82015002982015
291,id17,275.5,370.5,vial1,3,29.82015002982015
375,id17,277.0,375.5,vial1,3,29.82015002982015
376,id17,276.0,374.0,vial1,3,29.82015002982015
377,id17,274.5,372.5,vial1,3,29.82015002982015
378,id17,273.0,371.5,vial1,3,29.82015002982015
379,id17,271.0,371.0,vial1,3,29.82015002982015
380,id17,269.0,370.0,vial1,3,29.82015002982015
381,id17,267.5,369.5,vial1,3,29.82015002982015
382,id17,266.5,368.5,vial1,3,29.82015002982015
383,id17,265.0,368.0,vial1,3,29.82015002982015
384,id17,264.0,367.0,vial1,3,29.82015002982015
385,id17,263.0,366.5,vial1,3,29.82015002982015
386,id17,262.0,366.0,vial1,3,29.82015002982015
387,id17,261.5,366.0,vial1,3,29.82015002982015
388,id17,261.0,366.0,vial1,3,29.82015002982015
389,id17,260.5,365.0,vial1,3,29.82015002982015
390,id17,260.5,365.5,vial1,3,29.82015002982015
391,id17,259.5,366.0,vial1,3,29.82015002982015
0,id2,328.0,319.0,vial2,7,29.82015002982015
1,id2,328.0,317.5,vial2,7,29.82015002982015
2,id2,329.0,316.5,vial2,7,29.82015002982015
3,id2,329.5,315.5,vial2,7,29.82015002982015
4,id2,329.0,315.0,vial2,7,29.82015002982015
5,id2,329.0,313.0,vial2,7,29.82015002982015
6,id2,329.0,311.0,vial2,7,29.82015002982015
7,id2,330.0,308.5,vial2,7,29.82015002982015
8,id2,329.0,306.5,vial2,7,29.82015002982015
9,id2,329.0,303.5,vial2,7,29.82015002982015
10,id2,329.5,300.5,vial2,7,29.82015002982015
11,id2,329.5,297.5,vial2,7,29.82015002982015
12,id2,329.0,294.5,vial2,7,29.82015002982015
13,id2,329.0,291.0,vial2,7,29.82015002982015
14,id2,329.0,287.5,vial2,7,29.82015002982015
15,id2,329.0,285.5,vial2,7,29.82015002982015
16,id2,329.5,282.5,vial2,7,29.82015002982015
17,id2,329.0,279.5,vial2,7,29.82015002982015
18,id2,329.5,277.5,vial2,7,29.82015002982015
19,id2,329.5,275.5,vial2,7,29.82015002982015
20,id2,329.5,273.5,vial2,7,29.82015002982015
21,id2,329.5,271.5,vial2,7,29.82015002982015
22,id2,330.0,269.5,vial2,7,29.82015002982015
23,id2,330.0,267.5,vial2,7,29.82015002982015
24,id2,330.0,265.0,vial2,7,29.82015002982015
25,id2,329.0,263.0,vial2,7,29.82015002982015
26,id2,329.0,261.0,vial2,7,29.82015002982015
27,id2,329.0,259.5,vial2,7,29.82015002982015
28,id2,328.5,258.5,vial2,7,29.82015002982015
101,id20,398.0,382.0,vial2,9,29.82015002982015
102,id20,398.0,382.0,vial2,9,29.82015002982015
103,id20,398.0,382.0,vial2,9,29.82015002982015
104,id20,398.0,382.0,vial2,9,29.82015002982015
105,id20,398.0,382.0,vial2,9,29.82015002982015
106,id20,398.0,382.5,vial2,9,29.82015002982015
107,id20,397.0,381.5,vial2,9,29.82015002982015
108,id20,396.0,380.0,vial2,9,29.82015002982015
109,id20,394.0,380.5,vial2,9,29.82015002982015
110,id20,392.0,381.0,vial2,9,29.82015002982015
111,id20,393.0,381.0,vial2,9,29.82015002982015
112,id20,394.0,381.0,vial2,9,29.82015002982015
113,id20,394.5,381.0,vial2,9,29.82015002982015
114,id20,394.5,381.0,vial2,9,29.82015002982015
115,id20,396.5,381.5,vial2,9,29.82015002982015
116,id20,397.5,381.5,vial2,9,29.82015002982015
117,id20,399.0,382.0,vial2,9,29.82015002982015
118,id20,400.5,381.5,vial2,9,29.82015002982015
119,id20,402.5,381.0,vial2,9,29.82015002982015
120,id20,405.5,381.5,vial2,9,29.82015002982015
129,id20,393.0,369.5,vial2,9,29.82015002982015
130,id20,389.5,368.5,vial2,9,29.82015002982015
131,id20,390.0,368.0,vial2,9,29.82015002982015
132,id20,390.0,367.5,vial2,9,29.82015002982015
133,id20,390.0,365.5,vial2,9,29.82015002982015
134,id20,390.0,364.5,vial2,9,29.82015002982015
135,id20,390.0,361.5,vial2,9,29.82015002982015
136,id20,390.0,359.5,vial2,9,29.82015002982015
137,id20,390.0,357.0,vial2,9,29.82015002982015
138,id20,390.5,354.5,vial2,9,29.82015002982015
139,id20,391.0,352.0,vial2,9,29.82015002982015
140,id20,391.0,350.0,vial2,9,29.82015002982015
141,id20,391.0,347.5,vial2,9,29.82015002982015
142,id20,391.0,345.0,vial2,9,29.82015002982015
143,id20,391.0,342.0,vial2,9,29.82015002982015
144,id20,392.0,340.0,vial2,9,29.82015002982015
145,id20,392.0,337.5,vial2,9,29.82015002982015
146,id20,392.0,335.0,vial2,9,29.82015002982015
147,id20,392.0,333.0,vial2,9,29.82015002982015
148,id20,392.0,330.0,vial2,9,29.82015002982015
149,id20,392.0,327.0,vial2,9,29.82015002982015
150,id20,391.0,324.5,vial2,9,29.82015002982015
151,id20,391.0,322.0,vial2,9,29.82015002982015
152,id20,391.0,319.0,vial2,9,29.82015002982015
153,id20,391.0,317.0,vial2,9,29.82015002982015
154,id20,391.0,315.0,vial2,9,29.82015002982015
155,id20,390.0,312.5,vial2,9,29.82015002982015
156,id20,390.0,310.5,vial2,9,29.82015002982015
157,id20,390.0,308.5,vial2,9,29.82015002982015
158,id20,390.0,305.5,vial2,9,29.82015002982015
159,id20,390.0,304.0,vial2,9,29.82015002982015
160,id20,390.0,301.5,vial2,9,29.82015002982015
161,id20,390.0,299.5,vial2,9,29.82015002982015
162,id20,390.0,297.0,vial2,9,29.82015002982015
163,id20,391.0,296.5,vial2,9,29.82015002982015
164,id20,391.0,297.0,vial2,9,29.82015002982015
165,id20,391.5,297.0,vial2,9,29.82015002982015
166,id20,392.5,297.0,vial2,9,29.82015002982015
167,id20,392.5,297.0,vial2,9,29.82015002982015
168,id20,393.0,297.0,vial2,9,29.82015002982015
169,id20,393.0,296.0,vial2,9,29.82015002982015
170,id20,393.0,295.0,vial2,9,29.82015002982015
171,id20,393.0,293.0,vial2,9,29.82015002982015
172,id20,393.0,291.0,vial2,9,29.82015002982015
173,id20,393.0,288.0,vial2,9,29.82015002982015
174,id20,392.5,284.5,vial2,9,29.82015002982015
175,id20,392.0,281.5,vial2,9,29.82015002982015
176,id20,392.0,279.5,vial2,9,29.82015002982015
177,id20,392.0,276.5,vial2,9,29.82015002982015
178,id20,391.0,274.5,vial2,9,29.82015002982015
179,id20,391.0,271.5,vial2,9,29.82015002982015
180,id20,391.0,268.5,vial2,9,29.82015002982015
181,id20,391.0,265.5,vial2,9,29.82015002982015
182,id20,390.5,262.5,vial2,9,29.82015002982015
183,id20,390.0,259.5,vial2,9,29.82015002982015
184,id20,390.0,256.5,vial2,9,29.82015002982015
185,id20,390.0,253.5,vial2,9,29.82015002982015
186,id20,390.0,251.0,vial2,9,29.82015002982015
187,id20,390.0,247.5,vial2,9,29.82015002982015
188,id20,390.0,244.5,vial2,9,29.82015002982015
189,id20,389.5,241.5,vial2,9,29.82015002982015
190,id20,389.0,238.5,vial2,9,29.82015002982015
191,id20,389.0,235.0,vial2,9,29.82015002982015
192,id20,389.0,232.0,vial2,9,29.82015002982015
193,id20,389.0,228.5,vial2,9,29.82015002982015
194,id20,389.0,226.0,vial2,9,29.82015002982015
195,id20,389.0,223.5,vial2,9,29.82015002982015
196,id20,390.0,220.5,vial2,9,29.82015002982015
197,id20,390.0,218.0,vial2,9,29.82015002982015
198,id20,390.0,215.0,vial2,9,29.82015002982015
199,id20,390.0,212.0,vial2,9,29.82015002982015
200,id20,390.0,209.5,vial2,9,29.82015002982015
201,id20,390.0,206.5,vial2,9,29.82015002982015
202,id20,390.0,204.5,vial2,9,29.82015002982015
203,id20,390.0,201.5,vial2,9,29.82015002982015
204,id20,390.0,199.5,vial2,9,29.82015002982015
205,id20,389.5,197.0,vial2,9,29.82015002982015
206,id20,389.5,194.5,vial2,9,29.82015002982015
207,id20,389.0,192.5,vial2,9,29.82015002982015
171,id21,712.0,232.5,vial5,25,29.82015002982015
172,id21,712.0,232.5,vial5,25,29.82015002982015
173,id21,712.0,231.5,vial5,25,29.82015002982015
174,id21,712.0,231.5,vial5,25,29.82015002982015
175,id22,583.0,379.5,vial4,19,29.82015002982015
176,id22,583.5,379.5,vial4,19,29.82015002982015
177,id22,584.0,379.5,vial4,19,29.82015002982015
178,id22,584.0,379.5,vial4,19,29.82015002982015
179,id22,583.5,379.0,vial4,19,29.82015002982015
180,id22,583.5,380.5,vial4,19,29.82015002982015
181,id22,585.0,380.5,vial4,19,29.82015002982015
182,id22,586.0,379.5,vial4,19,29.82015002982015
183,id22,586.0,380.0,vial4,19,29.82015002982015
184,id22,586.0,380.0,vial4,19,29.82015002982015
185,id22,586.0,380.0,vial4,19,29.82015002982015
186,id22,586.0,380.0,vial4,19,29.82015002982015
187,id22,585.5,380.0,vial4,19,29.82015002982015
188,id22,585.5,380.0,vial4,19,29.82015002982015
189,id22,584.5,380.0,vial4,19,29.82015002982015
190,id22,584.5,380.0,vial4,19,29.82015002982015
191,id22,583.5,380.0,vial4,19,29.82015002982015
192,id22,582.0,380.0,vial4,19,29.82015002982015
293,id22,582.5,301.5,vial4,19,29.82015002982015
294,id22,582.5,300.0,vial4,19,29.82015002982015
295,id22,583.5,298.5,vial4,19,29.82015002982015
296,id22,583.5,296.5,vial4,19,29.82015002982015
297,id22,584.0,294.5,vial4,19,29.82015002982015
298,id22,584.5,292.5,vial4,19,29.82015002982015
299,id22,585.0,291.0,vial4,19,29.82015002982015
300,id22,585.0,289.0,vial4,19,29.82015002982015
301,id22,585.0,287.5,vial4,19,29.82015002982015
302,id22,585.5,286.0,vial4,19,29.82015002982015
303,id22,586.0,284.0,vial4,19,29.82015002982015
304,id22,586.5,282.5,vial4,19,29.82015002982015
305,id22,586.5,281.5,vial4,19,29.82015002982015
306,id22,587.0,280.5,vial4,19,29.82015002982015
307,id22,586.5,279.5,vial4,19,29.82015002982015
308,id22,586.5,278.5,vial4,19,29.82015002982015
309,id22,586.5,277.5,vial4,19,29.82015002982015
310,id22,586.0,277.0,vial4,19,29.82015002982015
311,id22,585.5,276.0,vial4,19,29.82015002982015
312,id22,585.5,275.0,vial4,19,29.82015002982015
313,id22,585.0,274.5,vial4,19,29.82015002982015
314,id22,585.0,273.5,vial4,19,29.82015002982015
315,id22,584.5,272.0,vial4,19,29.82015002982015
316,id22,584.5,271.0,vial4,19,29.82015002982015
317,id22,584.5,270.0,vial4,19,29.82015002982015
318,id22,584.5,269.5,vial4,19,29.82015002982015
319,id22,583.5,267.5,vial4,19,29.82015002982015
320,id22,583.5,266.0,vial4,19,29.82015002982015
321,id22,583.5,264.5,vial4,19,29.82015002982015
322,id22,582.5,262.0,vial4,19,29.82015002982015
323,id22,583.0,259.5,vial4,19,29.82015002982015
324,id22,583.0,257.0,vial4,19,29.82015002982015
325,id22,583.0,254.5,vial4,19,29.82015002982015
326,id22,582.5,251.5,vial4,19,29.82015002982015
327,id22,582.5,249.0,vial4,19,29.82015002982015
328,id22,582.5,246.0,vial4,19,29.82015002982015
329,id22,582.5,243.5,vial4,19,29.82015002982015
330,id22,582.5,240.5,vial4,19,29.82015002982015
331,id22,583.5,238.5,vial4,19,29.82015002982015
332,id22,583.5,235.5,vial4,19,29.82015002982015
333,id22,583.5,233.5,vial4,19,29.82015002982015
334,id22,583.5,230.5,vial4,19,29.82015002982015
335,id22,584.0,227.5,vial4,19,29.82015002982015
336,id22,583.5,225.0,vial4,19,29.82015002982015
337,id22,584.5,223.0,vial4,19,29.82015002982015
338,id22,584.5,220.5,vial4,19,29.82015002982015
339,id22,585.0,218.5,vial4,19,29.82015002982015
340,id22,585.5,216.5,vial4,19,29.82015002982015
341,id22,585.5,214.0,vial4,19,29.82015002982015
342,id22,585.5,212.0,vial4,19,29.82015002982015
343,id22,585.5,210.0,vial4,19,29.82015002982015
344,id22,586.5,208.0,vial4,19,29.82015002982015
345,id22,586.5,207.0,vial4,19,29.82015002982015
346,id22,586.5,206.0,vial4,19,29.82015002982015
347,id22,586.5,205.0,vial4,19,29.82015002982015
348,id22,586.5,203.5,vial4,19,29.82015002982015
349,id22,586.5,201.0,vial4,19,29.82015002982015
350,id22,586.5,199.0,vial4,19,29.82015002982015
351,id22,586.0,196.5,vial4,19,29.82015002982015
352,id22,586.0,194.5,vial4,19,29.82015002982015
353,id22,586.0,193.0,vial4,19,29.82015002982015
197,id23,328.0,373.0,vial2,8,29.82015002982015
198,id23,328.0,373.0,vial2,8,29.82015002982015
199,id23,328.5,373.5,vial2,8,29.82015002982015
200,id23,328.5,374.0,vial2,8,29.82015002982015
201,id23,329.0,374.5,vial2,8,29.82015002982015
202,id23,329.0,375.0,vial2,8,29.82015002982015
203,id23,328.5,375.0,vial2,8,29.82015002982015
331,id23,329.0,362.5,vial2,8,29.82015002982015
332,id23,329.0,362.5,vial2,8,29.82015002982015
333,id23,329.0,364.0,vial2,8,29.82015002982015
334,id23,329.0,364.5,vial2,8,29.82015002982015
335,id23,329.0,365.5,vial2,8,29.82015002982015
336,id23,329.0,367.0,vial2,8,29.82015002982015
337,id23,329.0,368.5,vial2,8,29.82015002982015
338,id23,328.5,369.5,vial2,8,29.82015002982015
339,id23,328.0,370.0,vial2,8,29.82015002982015
203,id24,452.5,258.5,vial3,12,29.82015002982015
204,id24,454.0,256.0,vial3,12,29.82015002982015
205,id24,454.0,253.0,vial3,12,29.82015002982015
206,id24,454.5,250.0,vial3,12,29.82015002982015
207,id24,454.0,246.5,vial3,12,29.82015002982015
208,id24,454.0,243.0,vial3,12,29.82015002982015
209,id24,454.0,240.0,vial3,12,29.82015002982015
210,id24,454.0,237.0,vial3,12,29.82015002982015
211,id24,454.0,234.0,vial3,12,29.82015002982015
212,id24,453.0,231.0,vial3,12,29.82015002982015
213,id24,453.0,227.5,vial3,12,29.82015002982015
214,id24,452.0,224.0,vial3,12,29.82015002982015
207,id25,656.5,219.5,vial4,23,29.82015002982015
208,id25,655.0,218.0,vial4,23,29.82015002982015
209,id25,653.0,217.0,vial4,23,29.82015002982015
210,id25,651.5,215.5,vial4,23,29.82015002982015
211,id25,650.0,213.5,vial4,23,29.82015002982015
212,id25,648.5,212.5,vial4,23,29.82015002982015
213,id25,647.5,210.5,vial4,23,29.82015002982015
214,id25,646.5,208.5,vial4,23,29.82015002982015
215,id25,645.5,207.0,vial4,23,29.82015002982015
216,id25,645.0,205.5,vial4,23,29.82015002982015
217,id25,644.0,204.0,vial4,23,29.82015002982015
218,id25,643.5,204.0,vial4,23,29.82015002982015
219,id25,643.5,203.0,vial4,23,29.82015002982015
220,id25,643.0,203.0,vial4,23,29.82015002982015
221,id25,643.0,202.5,vial4,23,29.82015002982015
222,id25,643.5,202.0,vial4,23,29.82015002982015
223,id25,644.0,201.5,vial4,23,29.82015002982015
224,id25,645.0,201.0,vial4,23,29.82015002982015
225,id25,646.0,200.5,vial4,23,29.82015002982015
226,id25,647.5,200.5,vial4,23,29.82015002982015
227,id25,649.0,200.5,vial4,23,29.82015002982015
228,id25,650.5,200.5,vial4,23,29.82015002982015
229,id25,652.0,200.5,vial4,23,29.82015002982015
230,id25,654.0,201.5,vial4,23,29.82015002982015
231,id25,656.0,201.5,vial4,23,29.82015002982015
232,id25,657.5,202.0,vial4,23,29.82015002982015
233,id25,659.5,202.0,vial4,23,29.82015002982015
256,id26,529.0,338.5,vial3,18,29.82015002982015
257,id26,528.5,338.5,vial3,18,29.82015002982015
258,id26,527.5,338.5,vial3,18,29.82015002982015
259,id26,527.0,338.0,vial3,18,29.82015002982015
260,id26,526.0,337.0,vial3,18,29.82015002982015
261,id26,525.5,337.0,vial3,18,29.82015002982015
262,id26,525.0,337.5,vial3,18,29.82015002982015
263,id26,524.5,337.5,vial3,18,29.82015002982015
264,id26,524.5,338.0,vial3,18,29.82015002982015
265,id26,524.5,338.0,vial3,18,29.82015002982015
266,id26,524.5,338.0,vial3,18,29.82015002982015
267,id26,524.5,338.0,vial3,18,29.82015002982015
268,id26,524.5,338.5,vial3,18,29.82015002982015
269,id26,524.0,338.5,vial3,18,29.82015002982015
270,id26,523.0,338.5,vial3,18,29.82015002982015
271,id26,523.0,338.0,vial3,18,29.82015002982015
272,id26,522.5,338.5,vial3,18,29.82015002982015
273,id26,522.5,338.5,vial3,18,29.82015002982015
274,id26,522.0,337.5,vial3,18,29.82015002982015
275,id26,522.0,337.5,vial3,18,29.82015002982015
276,id26,521.0,337.5,vial3,18,29.82015002982015
277,id26,520.5,336.0,vial3,18,29.82015002982015
278,id26,520.0,336.0,vial3,18,29.82015002982015
279,id26,520.0,335.0,vial3,18,29.82015002982015
280,id26,519.5,333.0,vial3,18,29.82015002982015
281,id26,518.5,332.0,vial3,18,29.82015002982015
282,id26,518.5,332.0,vial3,18,29.82015002982015
283,id26,517.5,330.0,vial3,18,29.82015002982015
284,id26,517.5,328.5,vial3,18,29.82015002982015
285,id26,517.5,326.5,vial3,18,29.82015002982015
286,id26,517.0,326.0,vial3,18,29.82015002982015
287,id26,516.5,324.5,vial3,18,29.82015002982015
288,id26,517.0,322.5,vial3,18,29.82015002982015
289,id26,516.5,321.5,vial3,18,29.82015002982015
290,id26,516.5,319.0,vial3,18,29.82015002982015
291,id26,516.5,317.5,vial3,18,29.82015002982015
292,id26,516.5,316.5,vial3,18,29.82015002982015
293,id26,516.0,314.5,vial3,18,29.82015002982015
294,id26,516.5,312.5,vial3,18,29.82015002982015
295,id26,516.5,311.5,vial3,18,29.82015002982015
296,id26,516.0,309.5,vial3,18,29.82015002982015
297,id26,516.0,307.5,vial3,18,29.82015002982015
298,id26,517.0,306.0,vial3,18,29.82015002982015
299,id26,516.5,304.5,vial3,18,29.82015002982015
300,id26,516.0,303.0,vial3,18,29.82015002982015
301,id26,517.0,301.0,vial3,18,29.82015002982015
302,id26,517.0,299.5,vial3,18,29.82015002982015
303,id26,517.0,298.0,vial3,18,29.82015002982015
304,id26,517.5,296.5,vial3,18,29.82015002982015
305,id26,517.5,295.5,vial3,18,29.82015002982015
306,id26,517.5,293.5,vial3,18,29.82015002982015
307,id26,517.5,293.5,vial3,18,29.82015002982015
308,id26,517.5,292.5,vial3,18,29.82015002982015
309,id26,517.5,291.5,vial3,18,29.82015002982015
310,id26,517.5,291.5,vial3,18,29.82015002982015
311,id26,517.5,291.5,vial3,18,29.82015002982015
312,id26,517.5,291.0,vial3,18,29.82015002982015
313,id26,517.5,290.0,vial3,18,29.82015002982015
314,id26,518.5,290.5,vial3,18,29.82015002982015
315,id26,518.5,289.5,vial3,18,29.82015002982015
316,id26,519.5,289.0,vial3,18,29.82015002982015
317,id26,521.0,290.5,vial3,18,29.82015002982015
318,id26,521.0,289.5,vial3,18,29.82015002982015
319,id26,521.0,289.0,vial3,18,29.82015002982015
320,id26,521.5,289.0,vial3,18,29.82015002982015
321,id26,522.0,289.0,vial3,18,29.82015002982015
322,id26,522.0,289.0,vial3,18,29.82015002982015
323,id26,522.0,289.5,vial3,18,29.82015002982015
324,id26,522.5,289.0,vial3,18,29.82015002982015
325,id26,522.5,289.0,vial3,18,29.82015002982015
326,id26,523.0,288.0,vial3,18,29.82015002982015
327,id26,523.0,288.0,vial3,18,29.82015002982015
328,id26,523.0,289.0,vial3,18,29.82015002982015
329,id26,525.5,290.0,vial3,18,29.82015002982015
330,id26,526.0,289.5,vial3,18,29.82015002982015
331,id26,526.0,289.5,vial3,18,29.82015002982015
332,id26,527.0,289.5,vial3,18,29.82015002982015
333,id26,526.5,290.0,vial3,18,29.82015002982015
334,id26,526.5,290.5,vial3,18,29.82015002982015
335,id26,526.5,290.0,vial3,18,29.82015002982015
336,id26,527.0,289.5,vial3,18,29.82015002982015
337,id26,527.5,290.5,vial3,18,29.82015002982015
338,id26,528.0,290.5,vial3,18,29.82015002982015
339,id26,529.5,290.5,vial3,18,29.82015002982015
0,id3,328.0,365.0,vial2,6,29.82015002982015
1,id3,454.5,377.5,vial3,13,29.82015002982015
0,id4,397.0,378.5,vial2,10,29.82015002982015
1,id4,399.5,378.5,vial2,10,29.82015002982015
2,id4,402.5,378.5,vial2,10,29.82015002982015
3,id4,404.0,378.0,vial2,10,29.82015002982015
4,id4,398.5,379.0,vial2,10,29.82015002982015
5,id4,405.5,379.5,vial2,10,29.82015002982015
6,id4,404.5,379.0,vial2,10,29.82015002982015
7,id4,404.5,379.0,vial2,10,29.82015002982015
8,id4,404.5,379.0,vial2,10,29.82015002982015
9,id4,404.5,379.0,vial2,10,29.82015002982015
10,id4,404.0,379.0,vial2,10,29.82015002982015
11,id4,402.0,380.5,vial2,10,29.82015002982015
12,id4,402.0,380.0,vial2,10,29.82015002982015
13,id4,402.0,380.5,vial2,10,29.82015002982015
14,id4,400.5,381.0,vial2,10,29.82015002982015
15,id4,398.0,380.5,vial2,10,29.82015002982015
16,id4,397.0,380.0,vial2,10,29.82015002982015
17,id4,396.5,380.0,vial2,10,29.82015002982015
18,id4,397.0,380.0,vial2,10,29.82015002982015
19,id4,397.0,380.0,vial2,10,29.82015002982015
21,id4,398.5,379.0,vial2,10,29.82015002982015
22,id4,399.0,379.0,vial2,10,29.82015002982015
23,id4,399.0,379.0,vial2,10,29.82015002982015
24,id4,399.5,379.0,vial2,10,29.82015002982015
25,id4,399.0,379.0,vial2,10,29.82015002982015
26,id4,398.5,379.0,vial2,10,29.82015002982015
27,id4,398.5,379.0,vial2,10,29.82015002982015
28,id4,399.0,378.5,vial2,10,29.82015002982015
29,id4,399.0,378.5,vial2,10,29.82015002982015
30,id4,403.5,368.5,vial2,10,29.82015002982015
33,id4,405.5,372.0,vial2,10,29.82015002982015
36,id4,397.0,361.5,vial2,10,29.82015002982015
37,id4,401.0,346.5,vial2,10,29.82015002982015
0,id5,528.5,378.0,vial3,16,29.82015002982015
1,id5,522.0,378.0,vial3,16,29.82015002982015
2,id5,517.0,380.5,vial3,16,29.82015002982015
3,id5,517.5,380.5,vial3,16,29.82015002982015
4,id5,518.5,380.0,vial3,16,29.82015002982015
5,id5,518.0,380.5,vial3,16,29.82015002982015
6,id5,525.5,332.0,vial3,16,29.82015002982015
7,id5,524.5,331.5,vial3,16,29.82015002982015
8,id5,524.5,329.5,vial3,16,29.82015002982015
9,id5,523.5,327.5,vial3,16,29.82015002982015
10,id5,523.0,325.5,vial3,16,29.82015002982015
11,id5,522.5,323.5,vial3,16,29.82015002982015
12,id5,521.5,320.5,vial3,16,29.82015002982015
13,id5,521.5,317.5,vial3,16,29.82015002982015
14,id5,520.5,315.5,vial3,16,29.82015002982015
15,id5,520.0,312.5,vial3,16,29.82015002982015
16,id5,519.0,310.5,vial3,16,29.82015002982015
17,id5,519.0,307.5,vial3,16,29.82015002982015
18,id5,518.0,304.5,vial3,16,29.82015002982015
19,id5,518.0,301.5,vial3,16,29.82015002982015
20,id5,517.0,299.0,vial3,16,29.82015002982015
21,id5,517.0,295.5,vial3,16,29.82015002982015
22,id5,517.0,291.5,vial3,16,29.82015002982015
23,id5,517.0,288.5,vial3,16,29.82015002982015
24,id5,517.0,284.5,vial3,16,29.82015002982015
25,id5,517.0,281.5,vial3,16,29.82015002982015
26,id5,517.0,278.5,vial3,16,29.82015002982015
27,id5,517.0,275.0,vial3,16,29.82015002982015
28,id5,517.0,272.0,vial3,16,29.82015002982015
29,id5,517.5,269.5,vial3,16,29.82015002982015
30,id5,518.0,266.5,vial3,16,29.82015002982015
31,id5,519.0,263.5,vial3,16,29.82015002982015
32,id5,519.0,261.0,vial3,16,29.82015002982015
33,id5,520.0,258.5,vial3,16,29.82015002982015
34,id5,520.0,256.5,vial3,16,29.82015002982015
35,id5,521.0,254.5,vial3,16,29.82015002982015
36,id5,521.0,254.5,vial3,16,29.82015002982015
37,id5,521.0,253.5,vial3,16,29.82015002982015
38,id5,521.0,252.5,vial3,16,29.82015002982015
39,id5,521.5,251.0,vial3,16,29.82015002982015
40,id5,522.0,249.5,vial3,16,29.82015002982015
41,id5,522.0,248.5,vial3,16,29.82015002982015
42,id5,523.0,247.5,vial3,16,29.82015002982015
43,id5,523.0,246.0,vial3,16,29.82015002982015
44,id5,523.5,244.5,vial3,16,29.82015002982015
45,id5,524.0,243.5,vial3,16,29.82015002982015
46,id5,525.0,241.5,vial3,16,29.82015002982015
47,id5,525.0,240.5,vial3,16,29.82015002982015
48,id5,525.5,239.5,vial3,16,29.82015002982015
49,id5,526.0,238.5,vial3,16,29.82015002982015
50,id5,526.0,236.5,vial3,16,29.82015002982015
51,id5,527.0,236.0,vial3,16,29.82015002982015
52,id5,528.0,233.5,vial3,16,29.82015002982015
53,id5,529.0,231.5,vial3,16,29.82015002982015
54,id5,530.0,228.5,vial3,16,29.82015002982015
61,id5,530.0,301.0,vial3,16,29.82015002982015
62,id5,528.5,299.0,vial3,16,29.82015002982015
63,id5,527.5,297.0,vial3,16,29.82015002982015
64,id5,525.5,295.5,vial3,16,29.82015002982015
65,id5,524.0,294.0,vial3,16,29.82015002982015
66,id5,522.5,292.5,vial3,16,29.82015002982015
67,id5,521.5,291.5,vial3,16,29.82015002982015
68,id5,458.5,289.0,vial3,16,29.82015002982015
69,id5,459.0,291.0,vial3,16,29.82015002982015
70,id5,459.5,291.0,vial3,16,29.82015002982015
71,id5,459.0,290.0,vial3,16,29.82015002982015
72,id5,459.5,289.0,vial3,16,29.82015002982015
73,id5,459.0,287.5,vial3,16,29.82015002982015
74,id5,458.5,285.0,vial3,16,29.82015002982015
75,id5,458.0,284.0,vial3,16,29.82015002982015
76,id5,456.5,283.0,vial3,16,29.82015002982015
77,id5,454.5,282.0,vial3,16,29.82015002982015
78,id5,453.5,280.5,vial3,16,29.82015002982015
100,id5,452.0,267.5,vial3,16,29.82015002982015
101,id5,452.0,263.5,vial3,16,29.82015002982015
102,id5,452.5,261.5,vial3,16,29.82015002982015
103,id5,452.5,259.0,vial3,16,29.82015002982015
104,id5,452.0,257.0,vial3,16,29.82015002982015
105,id5,452.0,253.5,vial3,16,29.82015002982015
124,id5,459.5,327.0,vial3,16,29.82015002982015
125,id5,452.0,335.0,vial3,16,29.82015002982015
126,id5,456.5,346.5,vial3,16,29.82015002982015
127,id5,452.5,370.0,vial3,16,29.82015002982015
0,id6,644.5,377.5,vial4,21,29.82015002982015
1,id6,644.0,376.0,vial4,21,29.82015002982015
2,id6,645.0,374.5,vial4,21,29.82015002982015
3,id6,645.0,373.5,vial4,21,29.82015002982015
4,id6,646.0,371.0,vial4,21,29.82015002982015
5,id6,647.0,367.5,vial4,21,29.82015002982015
6,id6,647.5,365.0,vial4,21,29.82015002982015
7,id6,648.5,362.0,vial4,21,29.82015002982015
8,id6,649.5,361.0,vial4,21,29.82015002982015
9,id6,650.5,360.5,vial4,21,29.82015002982015
10,id6,652.5,359.5,vial4,21,29.82015002982015
11,id6,654.5,358.5,vial4,21,29.82015002982015
12,id6,656.0,357.5,vial4,21,29.82015002982015
13,id6,657.0,357.5,vial4,21,29.82015002982015
14,id6,658.0,357.0,vial4,21,29.82015002982015
15,id6,659.0,356.5,vial4,21,29.82015002982015
16,id6,659.5,357.0,vial4,21,29.82015002982015
17,id6,659.0,356.5,vial4,21,29.82015002982015
18,id6,659.0,356.5,vial4,21,29.82015002982015
19,id6,659.0,356.5,vial4,21,29.82015002982015
20,id6,659.5,354.5,vial4,21,29.82015002982015
27,id6,659.5,327.5,vial4,21,29.82015002982015
28,id6,658.5,323.5,vial4,21,29.82015002982015
29,id6,657.0,320.5,vial4,21,29.82015002982015
30,id6,656.0,317.5,vial4,21,29.82015002982015
31,id6,655.0,314.5,vial4,21,29.82015002982015
32,id6,654.0,311.5,vial4,21,29.82015002982015
33,id6,653.5,308.5,vial4,21,29.82015002982015
34,id6,653.0,306.0,vial4,21,29.82015002982015
35,id6,652.0,303.0,vial4,21,29.82015002982015
36,id6,651.0,300.0,vial4,21,29.82015002982015
37,id6,650.5,298.5,vial4,21,29.82015002982015
38,id6,649.5,295.5,vial4,21,29.82015002982015
39,id6,648.5,293.0,vial4,21,29.82015002982015
40,id6,647.5,290.5,vial4,21,29.82015002982015
41,id6,646.0,288.5,vial4,21,29.82015002982015
42,id6,645.5,287.0,vial4,21,29.82015002982015
43,id6,644.0,285.5,vial4,21,29.82015002982015
44,id6,644.0,284.5,vial4,21,29.82015002982015
45,id6,643.5,282.5,vial4,21,29.82015002982015
46,id6,643.0,280.5,vial4,21,29.82015002982015
47,id6,643.0,278.5,vial4,21,29.82015002982015
48,id6,643.0,276.5,vial4,21,29.82015002982015
49,id6,643.0,275.0,vial4,21,29.82015002982015
50,id6,643.5,273.0,vial4,21,29.82015002982015
51,id6,644.0,270.0,vial4,21,29.82015002982015
52,id6,644.5,269.0,vial4,21,29.82015002982015
53,id6,644.0,267.5,vial4,21,29.82015002982015
87,id6,647.5,235.0,vial4,21,29.82015002982015
88,id6,648.5,236.0,vial4,21,29.82015002982015
89,id6,656.5,255.5,vial4,21,29.82015002982015
90,id6,653.0,269.0,vial4,21,29.82015002982015
91,id6,647.0,269.5,vial4,21,29.82015002982015
92,id6,646.0,269.5,vial4,21,29.82015002982015
93,id6,646.5,269.5,vial4,21,29.82015002982015
94,id6,646.5,269.5,vial4,21,29.82015002982015
95,id6,646.0,269.5,vial4,21,29.82015002982015
96,id6,646.0,269.5,vial4,21,29.82015002982015
97,id6,646.0,268.5,vial4,21,29.82015002982015
98,id6,646.0,266.5,vial4,21,29.82015002982015
99,id6,646.0,265.5,vial4,21,29.82015002982015
100,id6,646.0,263.5,vial4,21,29.82015002982015
101,id6,646.0,262.5,vial4,21,29.82015002982015
102,id6,646.0,260.5,vial4,21,29.82015002982015
103,id6,645.5,258.0,vial4,21,29.82015002982015
104,id6,645.5,255.5,vial4,21,29.82015002982015
105,id6,645.5,254.0,vial4,21,29.82015002982015
106,id6,645.5,251.5,vial4,21,29.82015002982015
107,id6,645.5,249.5,vial4,21,29.82015002982015
108,id6,645.5,246.5,vial4,21,29.82015002982015
109,id6,645.5,244.5,vial4,21,29.82015002982015
110,id6,645.0,240.5,vial4,21,29.82015002982015
111,id6,645.0,237.5,vial4,21,29.82015002982015
112,id6,644.5,235.0,vial4,21,29.82015002982015
113,id6,644.5,232.0,vial4,21,29.82015002982015
114,id6,644.0,229.0,vial4,21,29.82015002982015
115,id6,644.0,226.0,vial4,21,29.82015002982015
116,id6,643.5,224.0,vial4,21,29.82015002982015
117,id6,643.5,221.5,vial4,21,29.82015002982015
118,id6,643.0,219.0,vial4,21,29.82015002982015
119,id6,643.5,216.5,vial4,21,29.82015002982015
120,id6,643.5,214.0,vial4,21,29.82015002982015
121,id6,643.5,211.5,vial4,21,29.82015002982015
122,id6,643.5,209.0,vial4,21,29.82015002982015
123,id6,644.0,206.5,vial4,21,29.82015002982015
124,id6,644.5,203.5,vial4,21,29.82015002982015
125,id6,644.5,201.0,vial4,21,29.82015002982015
126,id6,644.5,198.5,vial4,21,29.82015002982015
3,id7,406.0,371.5,vial2,11,29.82015002982015
4,id7,393.0,373.0,vial2,11,29.82015002982015
5,id7,392.5,381.5,vial2,11,29.82015002982015
6,id7,392.5,381.0,vial2,11,29.82015002982015
7,id7,392.5,380.5,vial2,11,29.82015002982015
8,id7,393.5,380.0,vial2,11,29.82015002982015
9,id7,395.5,380.0,vial2,11,29.82015002982015
10,id7,397.5,380.0,vial2,11,29.82015002982015
11,id7,403.0,384.0,vial2,11,29.82015002982015
12,id7,403.0,384.5,vial2,11,29.82015002982015
13,id7,402.5,384.5,vial2,11,29.82015002982015
14,id7,404.5,379.0,vial2,11,29.82015002982015
15,id7,405.0,379.0,vial2,11,29.82015002982015
16,id7,406.0,378.5,vial2,11,29.82015002982015
17,id7,406.0,379.0,vial2,11,29.82015002982015
18,id7,406.0,379.0,vial2,11,29.82015002982015
19,id7,406.0,379.0,vial2,11,29.82015002982015
20,id7,406.0,379.5,vial2,11,29.82015002982015
21,id7,406.0,379.5,vial2,11,29.82015002982015
43,id7,405.5,380.5,vial2,11,29.82015002982015
44,id7,405.5,380.5,vial2,11,29.82015002982015
45,id7,405.5,381.0,vial2,11,29.82015002982015
46,id7,405.5,381.0,vial2,11,29.82015002982015
47,id7,405.0,381.0,vial2,11,29.82015002982015
48,id7,405.0,381.0,vial2,11,29.82015002982015
49,id7,405.0,381.0,vial2,11,29.82015002982015
50,id7,405.0,381.0,vial2,11,29.82015002982015
51,id7,405.0,381.0,vial2,11,29.82015002982015
52,id7,405.0,381.0,vial2,11,29.82015002982015
53,id7,405.0,381.5,vial2,11,29.82015002982015
54,id7,405.0,381.5,vial2,11,29.82015002982015
55,id7,405.0,381.5,vial2,11,29.82015002982015
56,id7,405.0,381.5,vial2,11,29.82015002982015
57,id7,405.0,381.5,vial2,11,29.82015002982015
58,id7,405.0,381.5,vial2,11,29.82015002982015
59,id7,405.0,381.0,vial2,11,29.82015002982015
60,id7,405.0,381.5,vial2,11,29.82015002982015
61,id7,405.0,381.5,vial2,11,29.82015002982015
62,id7,405.0,381.5,vial2,11,29.82015002982015
63,id7,405.0,381.5,vial2,11,29.82015002982015
64,id7,405.0,381.5,vial2,11,29.82015002982015
65,id7,405.0,381.5,vial2,11,29.82015002982015
66,id7,405.0,382.0,vial2,11,29.82015002982015
67,id7,404.5,382.0,vial2,11,29.82015002982015
68,id7,404.5,381.5,vial2,11,29.82015002982015
69,id7,404.5,382.0,vial2,11,29.82015002982015
70,id7,404.5,381.5,vial2,11,29.82015002982015
71,id7,404.5,381.5,vial2,11,29.82015002982015
72,id7,404.0,381.5,vial2,11,29.82015002982015
73,id7,404.5,381.5,vial2,11,29.82015002982015
74,id7,404.0,381.5,vial2,11,29.82015002982015
75,id7,404.0,382.0,vial2,11,29.82015002982015
76,id7,405.0,381.5,vial2,11,29.82015002982015
77,id7,405.5,382.0,vial2,11,29.82015002982015
78,id7,406.0,382.5,vial2,11,29.82015002982015
79,id7,406.0,382.0,vial2,11,29.82015002982015
88,id7,397.5,329.0,vial2,11,29.82015002982015
89,id7,402.5,353.0,vial2,11,29.82015002982015
90,id7,400.0,370.0,vial2,11,29.82015002982015
91,id7,400.0,369.5,vial2,11,29.82015002982015
92,id7,401.0,368.0,vial2,11,29.82015002982015
93,id7,401.0,367.0,vial2,11,29.82015002982015
94,id7,401.0,366.0,vial2,11,29.82015002982015
95,id7,401.0,364.0,vial2,11,29.82015002982015
96,id7,401.5,362.5,vial2,11,29.82015002982015
97,id7,402.0,361.5,vial2,11,29.82015002982015
98,id7,402.5,360.5,vial2,11,29.82015002982015
99,id7,402.0,359.5,vial2,11,29.82015002982015
100,id7,402.0,360.0,vial2,11,29.82015002982015
101,id7,402.0,360.0,vial2,11,29.82015002982015
102,id7,402.0,360.0,vial2,11,29.82015002982015
103,id7,402.0,359.5,vial2,11,29.82015002982015
104,id7,402.0,358.5,vial2,11,29.82015002982015
105,id7,403.0,357.0,vial2,11,29.82015002982015
106,id7,403.0,355.0,vial2,11,29.82015002982015
107,id7,404.5,352.0,vial2,11,29.82015002982015
108,id7,406.0,350.0,vial2,11,29.82015002982015
158,id7,406.0,334.0,vial2,11,29.82015002982015
159,id7,405.5,331.0,vial2,11,29.82015002982015
160,id7,404.5,328.0,vial2,11,29.82015002982015
161,id7,404.5,326.0,vial2,11,29.82015002982015
162,id7,404.0,324.0,vial2,11,29.82015002982015
163,id7,404.0,323.0,vial2,11,29.82015002982015
164,id7,403.0,322.5,vial2,11,29.82015002982015
165,id7,403.0,322.5,vial2,11,29.82015002982015
166,id7,403.0,322.5,vial2,11,29.82015002982015
167,id7,403.0,322.5,vial2,11,29.82015002982015
168,id7,403.0,322.5,vial2,11,29.82015002982015
169,id7,403.0,322.5,vial2,11,29.82015002982015
170,id7,403.0,323.0,vial2,11,29.82015002982015
171,id7,403.0,323.0,vial2,11,29.82015002982015
172,id7,403.5,322.0,vial2,11,29.82015002982015
173,id7,403.0,321.0,vial2,11,29.82015002982015
174,id7,403.0,320.5,vial2,11,29.82015002982015
175,id7,403.5,319.0,vial2,11,29.82015002982015
176,id7,404.0,317.5,vial2,11,29.82015002982015
177,id7,404.0,315.0,vial2,11,29.82015002982015
178,id7,405.0,312.0,vial2,11,29.82015002982015
179,id7,406.0,309.0,vial2,11,29.82015002982015
3,id8,529.0,378.0,vial3,17,29.82015002982015
4,id8,527.0,378.0,vial3,17,29.82015002982015
5,id8,525.5,378.0,vial3,17,29.82015002982015
6,id8,520.5,379.5,vial3,17,29.82015002982015
7,id8,519.0,379.5,vial3,17,29.82015002982015
8,id8,519.5,379.5,vial3,17,29.82015002982015
9,id8,520.5,379.5,vial3,17,29.82015002982015
10,id8,520.5,379.5,vial3,17,29.82015002982015
11,id8,521.0,379.5,vial3,17,29.82015002982015
12,id8,521.5,379.5,vial3,17,29.82015002982015
13,id8,522.0,379.5,vial3,17,29.82015002982015
14,id8,522.0,379.0,vial3,17,29.82015002982015
15,id8,521.5,379.0,vial3,17,29.82015002982015
16,id8,525.0,380.0,vial3,17,29.82015002982015
17,id8,523.5,379.5,vial3,17,29.82015002982015
18,id8,522.5,380.0,vial3,17,29.82015002982015
19,id8,522.5,380.0,vial3,17,29.82015002982015
20,id8,521.5,380.0,vial3,17,29.82015002982015
21,id8,521.0,380.0,vial3,17,29.82015002982015
22,id8,520.5,380.0,vial3,17,29.82015002982015
23,id8,522.0,381.0,vial3,17,29.82015002982015
24,id8,522.5,381.0,vial3,17,29.82015002982015
25,id8,519.5,380.5,vial3,17,29.82015002982015
26,id8,519.5,381.0,vial3,17,29.82015002982015
27,id8,519.0,381.0,vial3,17,29.82015002982015
28,id8,518.5,381.0,vial3,17,29.82015002982015
29,id8,520.5,381.0,vial3,17,29.82015002982015
30,id8,521.0,381.0,vial3,17,29.82015002982015
31,id8,520.5,380.5,vial3,17,29.82015002982015
32,id8,520.5,379.5,vial3,17,29.82015002982015
33,id8,520.0,378.5,vial3,17,29.82015002982015
34,id8,521.5,374.5,vial3,17,29.82015002982015
35,id8,522.5,372.0,vial3,17,29.82015002982015
36,id8,524.0,367.5,vial3,17,29.82015002982015
37,id8,525.0,365.5,vial3,17,29.82015002982015
38,id8,525.5,361.5,vial3,17,29.82015002982015
39,id8,526.0,359.5,vial3,17,29.82015002982015
40,id8,527.0,356.5,vial3,17,29.82015002982015
41,id8,528.0,354.0,vial3,17,29.82015002982015
42,id8,529.0,350.5,vial3,17,29.82015002982015
43,id8,530.0,347.5,vial3,17,29.82015002982015
46,id8,529.0,339.5,vial3,17,29.82015002982015
47,id8,529.0,336.5,vial3,17,29.82015002982015
48,id8,528.0,334.0,vial3,17,29.82015002982015
49,id8,527.0,331.5,vial3,17,29.82015002982015
50,id8,527.0,329.5,vial3,17,29.82015002982015
51,id8,526.5,327.5,vial3,17,29.82015002982015
52,id8,525.0,325.5,vial3,17,29.82015002982015
53,id8,524.5,323.5,vial3,17,29.82015002982015
54,id8,523.0,322.0,vial3,17,29.82015002982015
55,id8,521.5,321.0,vial3,17,29.82015002982015
56,id8,521.5,320.0,vial3,17,29.82015002982015
57,id8,520.5,319.0,vial3,17,29.82015002982015
58,id8,520.0,317.0,vial3,17,29.82015002982015
59,id8,519.5,316.5,vial3,17,29.82015002982015
60,id8,519.5,315.0,vial3,17,29.82015002982015
61,id8,520.0,313.0,vial3,17,29.82015002982015
62,id8,520.0,310.5,vial3,17,29.82015002982015
63,id8,520.0,308.0,vial3,17,29.82015002982015
64,id8,520.0,306.0,vial3,17,29.82015002982015
65,id8,520.0,303.5,vial3,17,29.82015002982015
66,id8,520.0,301.0,vial3,17,29.82015002982015
67,id8,521.0,299.0,vial3,17,29.82015002982015
68,id8,520.0,294.5,vial3,17,29.82015002982015
69,id8,520.0,292.5,vial3,17,29.82015002982015
70,id8,519.5,290.0,vial3,17,29.82015002982015
71,id8,519.5,287.0,vial3,17,29.82015002982015
72,id8,519.0,285.0,vial3,17,29.82015002982015
73,id8,519.0,283.0,vial3,17,29.82015002982015
74,id8,519.0,280.0,vial3,17,29.82015002982015
75,id8,518.5,277.0,vial3,17,29.82015002982015
76,id8,518.0,273.5,vial3,17,29.82015002982015
77,id8,518.0,271.5,vial3,17,29.82015002982015
78,id8,518.0,270.0,vial3,17,29.82015002982015
79,id8,518.0,268.5,vial3,17,29.82015002982015
80,id8,518.0,267.0,vial3,17,29.82015002982015
81,id8,517.0,265.0,vial3,17,29.82015002982015
82,id8,517.5,262.0,vial3,17,29.82015002982015
83,id8,517.0,260.0,vial3,17,29.82015002982015
84,id8,517.0,256.5,vial3,17,29.82015002982015
85,id8,517.0,255.0,vial3,17,29.82015002982015
86,id8,517.0,252.5,vial3,17,29.82015002982015
87,id8,517.0,249.5,vial3,17,29.82015002982015
88,id8,517.0,247.5,vial3,17,29.82015002982015
89,id8,517.0,246.0,vial3,17,29.82015002982015
90,id8,517.0,243.5,vial3,17,29.82015002982015
91,id8,517.0,241.5,vial3,17,29.82015002982015
92,id8,517.0,238.5,vial3,17,29.82015002982015
93,id8,517.0,236.0,vial3,17,29.82015002982015
94,id8,517.0,233.5,vial3,17,29.82015002982015
95,id8,517.0,230.5,vial3,17,29.82015002982015
96,id8,517.0,228.5,vial3,17,29.82015002982015
97,id8,517.0,226.5,vial3,17,29.82015002982015
98,id8,517.0,224.5,vial3,17,29.82015002982015
99,id8,517.0,222.5,vial3,17,29.82015002982015
100,id8,517.0,220.0,vial3,17,29.82015002982015
101,id8,517.5,218.0,vial3,17,29.82015002982015
102,id8,517.5,216.0,vial3,17,29.82015002982015
103,id8,518.0,213.5,vial3,17,29.82015002982015
104,id8,518.0,212.0,vial3,17,29.82015002982015
105,id8,518.0,210.0,vial3,17,29.82015002982015
106,id8,518.0,208.0,vial3,17,29.82015002982015
107,id8,518.0,206.0,vial3,17,29.82015002982015
108,id8,517.5,203.0,vial3,17,29.82015002982015
109,id8,517.5,200.5,vial3,17,29.82015002982015
110,id8,517.5,198.0,vial3,17,29.82015002982015
111,id8,517.0,196.5,vial3,17,29.82015002982015
112,id8,517.5,195.0,vial3,17,29.82015002982015
113,id8,517.5,193.0,vial3,17,29.82015002982015
3,id9,457.0,378.0,vial3,14,29.82015002982015
4,id9,456.0,378.5,vial3,14,29.82015002982015
5,id9,456.0,378.5,vial3,14,29.82015002982015
6,id9,456.0,378.5,vial3,14,29.82015002982015
7,id9,456.0,378.5,vial3,14,29.82015002982015
8,id9,456.0,378.5,vial3,14,29.82015002982015
9,id9,456.0,378.5,vial3,14,29.82015002982015
10,id9,455.5,378.5,vial3,14,29.82015002982015
11,id9,455.5,378.5,vial3,14,29.82015002982015
12,id9,455.5,378.5,vial3,14,29.82015002982015
13,id9,455.5,378.5,vial3,14,29.82015002982015
14,id9,456.0,378.5,vial3,14,29.82015002982015
15,id9,455.5,378.5,vial3,14,29.82015002982015
16,id9,456.0,378.5,vial3,14,29.82015002982015
17,id9,455.5,378.5,vial3,14,29.82015002982015
18,id9,455.5,378.5,vial3,14,29.82015002982015
19,id9,455.5,378.5,vial3,14,29.82015002982015
20,id9,455.5,378.5,vial3,14,29.82015002982015
21,id9,455.0,378.5,vial3,14,29.82015002982015
22,id9,455.0,378.5,vial3,14,29.82015002982015
23,id9,456.0,379.0,vial3,14,29.82015002982015
24,id9,454.0,380.0,vial3,14,29.82015002982015
25,id9,454.0,379.5,vial3,14,29.82015002982015
26,id9,454.0,379.0,vial3,14,29.82015002982015
27,id9,454.0,379.0,vial3,14,29.82015002982015
28,id9,454.5,379.0,vial3,14,29.82015002982015
29,id9,455.0,379.0,vial3,14,29.82015002982015
30,id9,454.5,379.0,vial3,14,29.82015002982015
31,id9,454.5,379.0,vial3,14,29.82015002982015
32,id9,454.5,379.0,vial3,14,29.82015002982015
33,id9,454.5,379.5,vial3,14,29.82015002982015
34,id9,454.5,379.5,vial3,14,29.82015002982015
35,id9,454.5,379.5,vial3,14,29.82015002982015
36,id9,454.5,379.5,vial3,14,29.82015002982015
37,id9,454.5,379.5,vial3,14,29.82015002982015
38,id9,454.0,379.5,vial3,14,29.82015002982015
39,id9,453.0,379.5,vial3,14,29.82015002982015
42,id9,455.5,380.5,vial3,14,29.82015002982015
43,id9,455.5,380.0,vial3,14,29.82015002982015
44,id9,455.5,380.0,vial3,14,29.82015002982015
45,id9,455.5,380.0,vial3,14,29.82015002982015
46,id9,456.5,380.0,vial3,14,29.82015002982015
47,id9,457.0,380.0,vial3,14,29.82015002982015
48,id9,457.5,380.0,vial3,14,29.82015002982015
49,id9,457.5,380.0,vial3,14,29.82015002982015
50,id9,457.0,380.0,vial3,14,29.82015002982015
51,id9,457.0,380.5,vial3,14,29.82015002982015
52,id9,457.0,380.5,vial3,14,29.82015002982015
58,id9,456.0,380.0,vial3,14,29.82015002982015
59,id9,456.0,380.5,vial3,14,29.82015002982015
60,id9,456.5,380.5,vial3,14,29.82015002982015
61,id9,456.0,380.5,vial3,14,29.82015002982015
62,id9,456.5,380.5,vial3,14,29.82015002982015
64,id9,457.0,380.5,vial3,14,29.82015002982015
65,id9,457.0,380.5,vial3,14,29.82015002982015
66,id9,456.5,380.5,vial3,14,29.82015002982015
67,id9,456.5,380.5,vial3,14,29.82015002982015
68,id9,456.0,380.5,vial3,14,29.82015002982015
69,id9,456.5,380.5,vial3,14,29.82015002982015
70,id9,456.5,380.5,vial3,14,29.82015002982015
71,id9,456.0,380.0,vial3,14,29.82015002982015
72,id9,456.5,380.0,vial3,14,29.82015002982015
73,id9,456.5,380.0,vial3,14,29.82015002982015
74,id9,456.5,380.0,vial3,14,29.82015002982015
75,id9,457.0,380.5,vial3,14,29.82015002982015
76,id9,457.0,380.5,vial3,14,29.82015002982015
77,id9,456.5,380.5,vial3,14,29.82015002982015
78,id9,456.5,380.5,vial3,14,29.82015002982015
79,id9,457.0,380.5,vial3,14,29.82015002982015
80,id9,457.0,380.5,vial3,14,29.82015002982015
81,id9,456.5,380.5,vial3,14,29.82015002982015
82,id9,457.0,380.5,vial3,14,29.82015002982015
83,id9,456.5,380.5,vial3,14,29.82015002982015
84,id9,456.5,380.5,vial3,14,29.82015002982015
85,id9,456.5,380.5,vial3,14,29.82015002982015
86,id9,456.5,380.5,vial3,14,29.82015002982015
87,id9,456.5,380.5,vial3,14,29.82015002982015
88,id9,456.5,380.5,vial3,14,29.82015002982015
89,id9,456.5,380.5,vial3,14,29.82015002982015
90,id9,456.5,380.5,vial3,14,29.82015002982015
91,id9,456.0,380.5,vial3,14,29.82015002982015
92,id9,456.5,380.5,vial3,14,29.82015002982015
93,id9,456.0,380.5,vial3,14,29.82015002982015
94,id9,456.0,380.5,vial3,14,29.82015002982015
95,id9,456.5,380.5,vial3,14,29.82015002982015
96,id9,456.0,380.5,vial3,14,29.82015002982015
97,id9,456.0,380.5,vial3,14,29.82015002982015
98,id9,456.0,380.0,vial3,14,29.82015002982015
99,id9,456.0,380.0,vial3,14,29.82015002982015
100,id9,456.0,380.0,vial3,14,29.82015002982015
101,id9,456.0,380.0,vial3,14,29.82015002982015
102,id9,456.0,380.0,vial3,14,29.82015002982015
103,id9,456.0,380.0,vial3,14,29.82015002982015
104,id9,456.0,380.0,vial3,14,29.82015002982015
105,id9,456.0,380.0,vial3,14,29.82015002982015
106,id9,456.0,380.0,vial3,14,29.82015002982015
107,id9,456.0,380.0,vial3,14,29.82015002982015
108,id9,456.0,380.0,vial3,14,29.82015002982015
109,id9,456.0,379.5,vial3,14,29.82015002982015
110,id9,456.0,379.5,vial3,14,29.82015002982015
111,id9,456.0,379.5,vial3,14,29.82015002982015
112,id9,456.0,379.5,vial3,14,29.82015002982015
113,id9,456.0,379.5,vial3,14,29.82015002982015
114,id9,456.0,379.5,vial3,14,29.82015002982015
115,id9,456.0,380.0,vial3,14,29.82015002982015
116,id9,456.0,380.0,vial3,14,29.82015002982015
117,id9,456.0,380.0,vial3,14,29.82015002982015
118,id9,456.0,380.0,vial3,14,29.82015002982015
119,id9,456.0,380.0,vial3,14,29.82015002982015
120,id9,456.0,380.0,vial3,14,29.82015002982015
121,id9,456.0,380.0,vial3,14,29.82015002982015
122,id9,456.0,380.0,vial3,14,29.82015002982015
123,id9,456.0,380.0,vial3,14,29.82015002982015
124,id9,456.0,380.0,vial3,14,29.82015002982015
125,id9,456.0,380.0,vial3,14,29.82015002982015
126,id9,456.0,380.0,vial3,14,29.82015002982015
127,id9,456.0,380.5,vial3,14,29.82015002982015
128,id9,456.0,380.0,vial3,14,29.82015002982015
129,id9,456.0,380.0,vial3,14,29.82015002982015
130,id9,456.0,380.0,vial3,14,29.82015002982015
131,id9,456.0,380.0,vial3,14,29.82015002982015
132,id9,456.0,380.0,vial3,14,29.82015002982015
133,id9,456.0,380.0,vial3,14,29.82015002982015
134,id9,456.0,380.0,vial3,14,29.82015002982015
135,id9,456.0,380.0,vial3,14,29.82015002982015
136,id9,456.0,380.0,vial3,14,29.82015002982015
137,id9,456.0,379.5,vial3,14,29.82015002982015
138,id9,456.0,379.5,vial3,14,29.82015002982015
139,id9,456.0,379.5,vial3,14,29.82015002982015
140,id9,456.5,379.5,vial3,14,29.82015002982015
141,id9,456.0,379.5,vial3,14,29.82015002982015
142,id9,456.0,379.5,vial3,14,29.82015002982015
143,id9,456.0,379.5,vial3,14,29.82015002982015
144,id9,456.0,379.5,vial3,14,29.82015002982015
145,id9,456.0,379.5,vial3,14,29.82015002982015
146,id9,456.0,380.0,vial3,14,29.82015002982015
147,id9,456.0,380.0,vial3,14,29.82015002982015
148,id9,456.0,380.0,vial3,14,29.82015002982015
149,id9,456.0,380.0,vial3,14,29.82015002982015
150,id9,456.0,380.0,vial3,14,29.82015002982015
151,id9,456.0,380.5,vial3,14,29.82015002982015
152,id9,456.5,380.5,vial3,14,29.82015002982015
153,id9,456.0,380.0,vial3,14,29.82015002982015
154,id9,456.5,380.5,vial3,14,29.82015002982015
155,id9,456.5,380.5,vial3,14,29.82015002982015
156,id9,456.5,380.5,vial3,14,29.82015002982015
157,id9,456.5,380.5,vial3,14,29.82015002982015
158,id9,456.5,380.5,vial3,14,29.82015002982015
159,id9,456.5,380.5,vial3,14,29.82015002982015
160,id9,456.5,380.5,vial3,14,29.82015002982015
161,id9,456.5,380.5,vial3,14,29.82015002982015
162,id9,456.5,380.5,vial3,14,29.82015002982015
163,id9,456.5,380.5,vial3,14,29.82015002982015
164,id9,456.5,380.5,vial3,14,29.82015002982015
165,id9,456.5,380.5,vial3,14,29.82015002982015
166,id9,456.5,380.5,vial3,14,29.82015002982015
167,id9,456.0,380.5,vial3,14,29.82015002982015
168,id9,456.0,380.5,vial3,14,29.82015002982015
169,id9,456.0,380.5,vial3,14,29.82015002982015
170,id9,456.0,380.5,vial3,14,29.82015002982015
171,id9,456.0,380.5,vial3,14,29.82015002982015
172,id9,456.0,380.5,vial3,14,29.82015002982015
173,id9,456.0,380.5,vial3,14,29.82015002982015
174,id9,456.0,380.5,vial3,14,29.82015002982015
175,id9,456.0,380.5,vial3,14,29.82015002982015
176,id9,456.0,380.5,vial3,14,29.82015002982015
177,id9,456.0,380.5,vial3,14,29.82015002982015
178,id9,456.0,380.5,vial3,14,29.82015002982015
179,id9,456.0,380.5,vial3,14,29.82015002982015
180,id9,456.0,380.5,vial3,14,29.82015002982015
181,id9,456.0,380.5,vial3,14,29.82015002982015
182,id9,456.0,380.5,vial3,14,29.82015002982015
183,id9,456.0,380.5,vial3,14,29.82015002982015
184,id9,456.0,380.5,vial3,14,29.82015002982015
185,id9,456.0,380.0,vial3,14,29.82015002982015
186,id9,456.0,380.0,vial3,14,29.82015002982015
187,id9,456.0,380.5,vial3,14,29.82015002982015
188,id9,456.0,380.5,vial3,14,29.82015002982015
189,id9,456.0,380.0,vial3,14,29.82015002982015
190,id9,456.0,380.0,vial3,14,29.82015002982015
191,id9,456.0,380.0,vial3,14,29.82015002982015
192,id9,456.0,380.0,vial3,14,29.82015002982015
193,id9,456.0,379.5,vial3,14,29.82015002982015
194,id9,456.5,380.0,vial3,14,29.82015002982015
195,id9,456.5,380.5,vial3,14,29.82015002982015
196,id9,456.5,380.5,vial3,14,29.82015002982015
197,id9,456.5,380.5,vial3,14,29.82015002982015
198,id9,456.5,380.5,vial3,14,29.82015002982015
199,id9,456.5,380.5,vial3,14,29.82015002982015
200,id9,456.5,380.5,vial3,14,29.82015002982015
201,id9,456.5,380.5,vial3,14,29.82015002982015
202,id9,456.5,380.5,vial3,14,29.82015002982015
203,id9,456.5,380.5,vial3,14,29.82015002982015
204,id9,457.0,380.5,vial3,14,29.82015002982015
205,id9,457.0,380.5,vial3,14,29.82015002982015
206,id9,457.0,380.5,vial3,14,29.82015002982015
207,id9,457.0,380.5,vial3,14,29.82015002982015
208,id9,457.0,380.5,vial3,14,29.82015002982015
209,id9,457.0,380.5,vial3,14,29.82015002982015
210,id9,457.0,380.5,vial3,14,29.82015002982015
211,id9,457.0,380.5,vial3,14,29.82015002982015
212,id9,457.0,380.5,vial3,14,29.82015002982015
213,id9,457.0,380.5,vial3,14,29.82015002982015
214,id9,457.0,380.5,vial3,14,29.82015002982015
215,id9,457.0,380.5,vial3,14,29.82015002982015
216,id9,457.0,380.5,vial3,14,29.82015002982015
217,id9,457.0,380.5,vial3,14,29.82015002982015
218,id9,457.0,380.5,vial3,14,29.82015002982015
219,id9,457.0,380.5,vial3,14,29.82015002982015
220,id9,457.0,380.5,vial3,14,29.82015002982015
221,id9,457.0,380.5,vial3,14,29.82015002982015
222,id9,457.0,380.5,vial3,14,29.82015002982015
223,id9,457.0,380.5,vial3,14,29.82015002982015
224,id9,457.0,380.5,vial3,14,29.82015002982015
225,id9,457.0,380.5,vial3,14,29.82015002982015
226,id9,457.0,380.5,vial3,14,29.82015002982015
227,id9,457.0,380.5,vial3,14,29.82015002982015
228,id9,457.0,380.5,vial3,14,29.82015002982015
229,id9,457.0,380.5,vial3,14,29.82015002982015
230,id9,457.0,380.5,vial3,14,29.82015002982015
231,id9,457.0,380.5,vial3,14,29.82015002982015
232,id9,457.5,380.5,vial3,14,29.82015002982015
233,id9,457.0,380.5,vial3,14,29.82015002982015
234,id9,457.0,380.5,vial3,14,29.82015002982015
235,id9,457.0,380.5,vial3,14,29.82015002982015
236,id9,457.5,380.5,vial3,14,29.82015002982015
237,id9,457.0,380.5,vial3,14,29.82015002982015
238,id9,457.0,380.5,vial3,14,29.82015002982015
239,id9,457.0,380.5,vial3,14,29.82015002982015
240,id9,457.0,380.5,vial3,14,29.82015002982015
241,id9,457.0,380.5,vial3,14,29.82015002982015
242,id9,457.0,380.5,vial3,14,29.82015002982015
243,id9,457.5,380.5,vial3,14,29.82015002982015
244,id9,457.5,380.5,vial3,14,29.82015002982015
245,id9,457.5,380.5,vial3,14,29.82015002982015
246,id9,457.5,380.5,vial3,14,29.82015002982015
247,id9,457.5,380.5,vial3,14,29.82015002982015
248,id9,457.5,380.5,vial3,14,29.82015002982015
249,id9,457.5,380.5,vial3,14,29.82015002982015
250,id9,457.5,380.5,vial3,14,29.82015002982015
251,id9,458.0,381.0,vial3,14,29.82015002982015
252,id9,458.0,381.0,vial3,14,29.82015002982015
253,id9,457.5,381.0,vial3,14,29.82015002982015
254,id9,458.0,381.0,vial3,14,29.82015002982015
255,id9,458.0,381.0,vial3,14,29.82015002982015
256,id9,458.0,381.0,vial3,14,29.82015002982015
257,id9,458.0,381.0,vial3,14,29.82015002982015
258,id9,458.0,381.0,vial3,14,29.82015002982015
259,id9,458.0,381.5,vial3,14,29.82015002982015
260,id9,458.0,381.5,vial3,14,29.82015002982015
261,id9,458.0,381.5,vial3,14,29.82015002982015
262,id9,458.0,381.5,vial3,14,29.82015002982015
263,id9,458.0,381.5,vial3,14,29.82015002982015
264,id9,458.0,381.5,vial3,14,29.82015002982015
265,id9,458.0,381.5,vial3,14,29.82015002982015
266,id9,458.0,381.5,vial3,14,29.82015002982015
267,id9,458.0,381.5,vial3,14,29.82015002982015
268,id9,458.0,381.5,vial3,14,29.82015002982015
269,id9,458.0,381.5,vial3,14,29.82015002982015
270,id9,458.0,381.5,vial3,14,29.82015002982015
271,id9,458.0,381.5,vial3,14,29.82015002982015
272,id9,458.0,381.5,vial3,14,29.82015002982015
273,id9,458.0,381.5,vial3,14,29.82015002982015
274,id9,458.0,381.0,vial3,14,29.82015002982015
275,id9,458.0,380.5,vial3,14,29.82015002982015
276,id9,458.0,381.0,vial3,14,29.82015002982015
277,id9,458.0,381.0,vial3,14,29.82015002982015
278,id9,458.0,381.0,vial3,14,29.82015002982015
279,id9,458.0,381.0,vial3,14,29.82015002982015
280,id9,458.0,381.0,vial3,14,29.82015002982015
281,id9,458.0,381.0,vial3,14,29.82015002982015
282,id9,458.0,381.0,vial3,14,29.82015002982015
283,id9,458.0,381.0,vial3,14,29.82015002982015
284,id9,458.0,381.0,vial3,14,29.82015002982015
285,id9,458.0,381.0,vial3,14,29.82015002982015
286,id9,458.0,381.0,vial3,14,29.82015002982015
287,id9,458.0,381.0,vial3,14,29.82015002982015
288,id9,458.0,381.0,vial3,14,29.82015002982015
289,id9,458.0,381.5,vial3,14,29.82015002982015
290,id9,458.0,381.5,vial3,14,29.82015002982015
291,id9,458.0,381.5,vial3,14,29.82015002982015
292,id9,458.0,381.5,vial3,14,29.82015002982015
293,id9,458.0,381.5,vial3,14,29.82015002982015
294,id9,458.0,381.5,vial3,14,29.82015002982015
295,id9,458.0,381.5,vial3,14,29.82015002982015
296,id9,458.0,381.5,vial3,14,29.82015002982015
297,id9,458.0,381.5,vial3,14,29.82015002982015
298,id9,458.0,381.5,vial3,14,29.82015002982015
299,id9,458.0,381.5,vial3,14,29.82015002982015
300,id9,458.0,381.5,vial3,14,29.82015002982015
301,id9,458.0,381.5,vial3,14,29.82015002982015
302,id9,458.0,381.5,vial3,14,29.82015002982015
303,id9,458.0,381.5,vial3,14,29.82015002982015
304,id9,458.0,381.0,vial3,14,29.82015002982015
305,id9,458.0,381.0,vial3,14,29.82015002982015
306,id9,458.0,380.5,vial3,14,29.82015002982015
307,id9,458.0,380.5,vial3,14,29.82015002982015
308,id9,458.0,381.5,vial3,14,29.82015002982015
309,id9,458.0,381.5,vial3,14,29.82015002982015
310,id9,458.0,381.5,vial3,14,29.82015002982015
311,id9,458.0,381.0,vial3,14,29.82015002982015
312,id9,458.0,381.0,vial3,14,29.82015002982015
313,id9,458.0,381.0,vial3,14,29.82015002982015
314,id9,458.0,381.0,vial3,14,29.82015002982015
315,id9,458.0,381.0,vial3,14,29.82015002982015
316,id9,458.0,381.0,vial3,14,29.82015002982015
317,id9,458.0,381.0,vial3,14,29.82015002982015
318,id9,458.0,381.0,vial3,14,29.82015002982015
319,id9,458.0,380.5,vial3,14,29.82015002982015
320,id9,458.0,381.0,vial3,14,29.82015002982015
321,id9,458.0,380.5,vial3,14,29.82015002982015
322,id9,458.0,380.5,vial3,14,29.82015002982015
323,id9,458.0,381.0,vial3,14,29.82015002982015
324,id9,458.0,381.0,vial3,14,29.82015002982015
325,id9,458.0,381.0,vial3,14,29.82015002982015
326,id9,458.0,381.0,vial3,14,29.82015002982015
327,id9,458.0,381.0,vial3,14,29.82015002982015
328,id9,458.0,381.0,vial3,14,29.82015002982015
329,id9,458.0,381.0,vial3,14,29.82015002982015
330,id9,458.0,381.0,vial3,14,29.82015002982015
331,id9,458.0,381.0,vial3,14,29.82015002982015
332,id9,458.0,381.0,vial3,14,29.82015002982015
333,id9,458.0,381.0,vial3,14,29.82015002982015
334,id9,458.5,381.0,vial3,14,29.82015002982015
335,id9,458.5,381.0,vial3,14,29.82015002982015
336,id9,458.5,381.0,vial3,14,29.82015002982015
337,id9,458.5,381.0,vial3,14,29.82015002982015
338,id9,458.5,381.0,vial3,14,29.82015002982015
339,id9,458.5,381.0,vial3,14,29.82015002982015
340,id9,458.0,381.0,vial3,14,29.82015002982015
341,id9,458.0,381.0,vial3,14,29.82015002982015
342,id9,458.5,381.0,vial3,14,29.82015002982015
343,id9,459.0,381.0,vial3,14,29.82015002982015
344,id9,459.0,381.0,vial3,14,29.82015002982015
345,id9,459.0,381.0,vial3,14,29.82015002982015
346,id9,458.5,381.0,vial3,14,29.82015002982015
347,id9,458.5,381.0,vial3,14,29.82015002982015
348,id9,458.5,381.0,vial3,14,29.82015002982015
349,id9,458.5,380.5,vial3,14,29.82015002982015
350,id9,458.5,380.5,vial3,14,29.82015002982015
351,id9,458.5,381.0,vial3,14,29.82015002982015
352,id9,458.5,380.5,vial3,14,29.82015002982015
353,id9,458.5,380.5,vial3,14,29.82015002982015
354,id9,458.5,381.0,vial3,14,29.82015002982015
355,id9,458.5,381.0,vial3,14,29.82015002982015
356,id9,458.5,381.0,vial3,14,29.82015002982015
357,id9,458.5,381.0,vial3,14,29.82015002982015
358,id9,459.0,381.0,vial3,14,29.82015002982015
359,id9,459.0,380.5,vial3,14,29.82015002982015
360,id9,458.5,380.5,vial3,14,29.82015002982015
361,id9,459.0,380.5,vial3,14,29.82015002982015
362,id9,458.5,380.5,vial3,14,29.82015002982015
363,id9,458.5,380.5,vial3,14,29.82015002982015
364,id9,458.5,380.5,vial3,14,29.82015002982015
365,id9,458.5,380.5,vial3,14,29.82015002982015
366,id9,458.5,380.5,vial3,14,29.82015002982015
367,id9,458.5,380.5,vial3,14,29.82015002982015
368,id9,458.5,380.5,vial3,14,29.82015002982015
369,id9,458.5,380.5,vial3,14,29.82015002982015
370,id9,459.0,380.5,vial3,14,29.82015002982015
371,id9,459.0,380.5,vial3,14,29.82015002982015
372,id9,459.0,380.5,vial3,14,29.82015002982015
373,id9,459.0,380.5,vial3,14,29.82015002982015
374,id9,459.0,380.5,vial3,14,29.82015002982015
375,id9,459.0,380.5,vial3,14,29.82015002982015
376,id9,459.0,380.5,vial3,14,29.82015002982015
377,id9,459.0,380.5,vial3,14,29.82015002982015
378,id9,459.0,380.5,vial3,14,29.82015002982015
379,id9,459.0,380.5,vial3,14,29.82015002982015
380,id9,458.5,380.5,vial3,14,29.82015002982015
381,id9,458.5,380.5,vial3,14,29.82015002982015
382,id9,458.5,380.5,vial3,14,29.82015002982015
383,id9,458.5,380.5,vial3,14,29.82015002982015
384,id9,458.5,380.5,vial3,14,29.82015002982015
385,id9,458.5,380.5,vial3,14,29.82015002982015
386,id9,458.5,380.5,vial3,14,29.82015002982015
387,id9,458.5,380.0,vial3,14,29.82015002982015
388,id9,458.5,380.5,vial3,14,29.82015002982015
389,id9,458.5,380.5,vial3,14,29.82015002982015
390,id9,458.5,380.5,vial3,14,29.82015002982015
391,id9,458.5,380.5,vial3,14,29.82015002982015
